,submission_time,upvotes,url,headline
0,2015-02-20T11:29:58.000Z,2,,Ask HN: Simple SaaS as first Golang web app?
1,2015-02-20T11:34:22.000Z,1,startupjuncture.com,24sessions: live business advice over video-chat
2,2015-02-20T11:35:32.000Z,3,blog.erratasec.com,Some notes on SuperFish
3,2015-02-20T11:36:18.000Z,1,twitter.com,Apple Watch models could contain 29.16g of gold
4,2015-02-20T11:41:06.000Z,1,phpconference.co.uk,PHP UK Conference Diversity Scholarship Programme
5,2015-02-20T11:43:04.000Z,2,preview.onedrive.com,Microsoft giving away 100GB free OneDrive storage for 1 year
6,2015-02-20T11:43:50.000Z,1,information-age.com,How to think like a cybercriminal
7,2015-02-20T11:48:09.000Z,1,personnelscreening.org,Personnel Screening Helpdesk (PSH)
8,2015-02-20T11:59:26.000Z,10,blog.cayenneapps.com,SWOT analysis for Uber
9,2015-02-20T12:00:09.000Z,2,,Ask HN: HN APIs (or lack thereof)
10,2015-02-20T12:00:11.000Z,2,blog.weekdone.com,Learnings from successful remote team leaders
11,2015-02-20T12:00:41.000Z,3,wired.co.uk,GCHQ and NSA hacked SIMs to spy on billions of phones
12,2015-02-20T12:01:53.000Z,1,mindfulpresenter.com,The 10 Most Important Things in Presenting Today
13,2015-02-20T12:02:26.000Z,2,jjacky.com,Donnatella: An advanced Linux file manager
14,2015-02-20T12:05:25.000Z,2,ritholtz.com,Are We Becoming a Part-Time Economy?
15,2015-02-20T12:07:55.000Z,13,,Ask HN: Do forced startup ideas work?
16,2015-02-20T12:09:38.000Z,152,layerswp.com,Layers ?ÛÒ A simple WordPress site builder
17,2015-02-20T12:10:57.000Z,2,theverge.com,The NSA and its allies stole the keys to your phone's security
18,2015-02-20T12:16:46.000Z,4,gifpeek.com,Show HN: Gifpeek an infinite animated GIF stream (Sometimes NSFW)
19,2015-02-20T12:19:14.000Z,1,m.bbc.com,US and UK accused of hacking Sim card firm to steal codes
20,2015-02-20T12:19:37.000Z,4,medium.com,Mastering Git subtrees
21,2015-02-20T12:23:33.000Z,14,blog.bigstash.co,How we are able to offer 5TB for free
22,2015-02-20T12:23:44.000Z,2,support.google.com,No more product placements on YouTube
23,2015-02-20T12:25:32.000Z,1,contino.co.uk,DevOps in the Legacy Application Suite
24,2015-02-20T12:26:59.000Z,72,blog.davidbanham.com,Coffeescript 1.9.0 contains a backwards incompatible change
25,2015-02-20T12:27:21.000Z,8,medium.com,?ÛÏI preferred self-publishing to working with the world?Ûªs biggest publisher?Û?
26,2015-02-20T12:28:21.000Z,1,futilitycloset.com,A new theorem: Triplets
27,2015-02-20T12:28:23.000Z,2,pestmeester.nl,How to set up a secure Raspberry Pi web server mail server and Owncloud inst
28,2015-02-20T12:29:09.000Z,2,information-age.com,The Internet of Things: current state of play
29,2015-02-20T12:36:59.000Z,1,jimlynch.com,Should publishers try to block ad blockers?
30,2015-02-20T12:42:03.000Z,2,slideshare.net,Some thoughts about Customer Success definition and our experience doing it
31,2015-02-20T12:44:50.000Z,3,oguzbastemur.blogspot.com,Asm.js for Node.js
32,2015-02-20T12:45:18.000Z,2,s3.eurecom.fr,Exploring the impact of a hard drive backdoor [pdf]
33,2015-02-20T12:47:33.000Z,1,nwitimes.com,Healthful diet report: Sugary drinks out; coffee eggs in
34,2015-02-20T12:49:30.000Z,1,touchmathematics.org,Touch Mathematics
35,2015-02-20T12:50:17.000Z,1,venturebeat.com,Yahoo Announces Mobile Development Suite
36,2015-02-20T12:51:51.000Z,4,theguardian.com,Apple sued for poaching engineers with deep expertise in electric car systems
37,2015-02-20T12:52:26.000Z,4,forums.aws.amazon.com,Amazon RDS: Action Required for SSL Users by 23 Mar 2015
38,2015-02-20T12:52:51.000Z,1,labs.theguardian.com,Tim Berners-Lee ?ÛÒ Where I went right [video]
39,2015-02-20T12:52:51.000Z,2,solusipse.github.io,Show HN: YouTube to webm converter
40,2015-02-20T12:53:06.000Z,2,checkio.org,Python Creator Guido van Rossum reviews CheckiO players code
41,2015-02-20T12:55:05.000Z,2,forbes.com,Canonical Achieves Broad Industry Buy-In for Snappy Ubuntu
42,2015-02-20T12:58:19.000Z,108,seas.harvard.edu,Perfect colors captured with one ultra-thin lens
43,2015-02-20T12:59:27.000Z,1,youtube.com,New Invention ?ÛÒ Flow: Honey on Tap Directly from Your Beehive
44,2015-02-20T13:00:55.000Z,1,information-age.com,Why most digital transformation programmes are doomed from the start
45,2015-02-20T13:02:11.000Z,3,inpursuitoflaziness.blogspot.com,Thoughts of a Rustacean learning Go
46,2015-02-20T13:09:58.000Z,17,spectrum.ieee.org,Cosmic Ray Particles Will Reveal Molten Hearts of Fukushima Daiichi's Reactors
47,2015-02-20T13:12:19.000Z,2,tr8dr.wordpress.com,Bitcoin Needs Cross Exchange Prime Brokerage
48,2015-02-20T13:13:10.000Z,2,austenallred.com,Building for Muggles ?ÛÒ The Age of Accessiblity
49,2015-02-20T13:14:38.000Z,3,honeyflow.com,Ingenious New Beehive Design Taps Honey Without Disturbing the Bees
50,2015-02-20T13:16:17.000Z,2,medium.com,A short look into TLS security in Lithuanian online banking industry
51,2015-02-20T13:19:23.000Z,4,economist.com,Should humanity keep schtum about its existence?
52,2015-02-20T13:20:18.000Z,2,ip-watch.org,US Congress Reconsiders Anti-Patent Troll Law
53,2015-02-20T13:20:50.000Z,2,getprismatic.com,The Joel Test Updated for Programmers
54,2015-02-20T13:23:40.000Z,1,businessinsider.com,Apple wants to sell cards in a few years
55,2015-02-20T13:24:47.000Z,57,news.sciencemag.org,Human DNA enlarges mouse brains
56,2015-02-20T13:25:00.000Z,4,cultofmac.com,Your iPhone has been hacked by the NSA using SIM card
57,2015-02-20T13:25:59.000Z,2,businessinsider.com,14 highest paying tech jobs
58,2015-02-20T13:26:22.000Z,3,books.google.com,How Photoshop brought back wonders to Humanity - Ngram
59,2015-02-20T13:27:46.000Z,1,surveymonkey.com,Future of Open Source Survey
60,2015-02-20T13:27:53.000Z,2,datascienceweekly.org,Data Science Weekly Newsletter ?ÛÒ Issue #65
61,2015-02-20T13:28:46.000Z,1,belfasttelegraph.co.uk,Facebook held liable over paedophile 'vigilante' page
62,2015-02-20T13:29:22.000Z,1,marginalrevolution.com,The Rise of Opaque Intelligence
63,2015-02-20T13:31:44.000Z,8,forbes.com,Company behind Superfish claims its under DDoS attack
64,2015-02-20T13:33:24.000Z,2,bbc.co.uk,The technology behind facial recognition
65,2015-02-20T13:34:38.000Z,1,youtube.com,How to stop screwing yourself over [video]
66,2015-02-20T13:35:23.000Z,1,en.wikipedia.org,Toast sandwich
67,2015-02-20T13:36:06.000Z,1,mobile.lepoint.fr,Gemamto has been hacked sim cards crypto stolen
68,2015-02-20T13:36:33.000Z,9,lists.ubuntu.com,Ubuntu 14.04.2 Released
69,2015-02-20T13:36:41.000Z,1,cnet.com,Volvo details autonomous Drive Me cars on sale in 2017
70,2015-02-20T13:38:34.000Z,4,javascriptkicks.com,Deploying Your SPA to Azure with Gulp
71,2015-02-20T13:38:52.000Z,4,app.viceversa.io,Viceversa ?ÛÒ Crowdhelping app for indecisive people
72,2015-02-20T13:39:32.000Z,167,highlightjs.org,Highlight.js ?ÛÒ Syntax highlighting for the Web
73,2015-02-20T13:44:32.000Z,1,en.wikipedia.org,Auto-brewery Syndrome
74,2015-02-20T13:45:35.000Z,16,smithsonianmag.com,How the Photocopier Changed the Way We Worked and Played
75,2015-02-20T13:46:08.000Z,4,pcworld.com,Lenovo CTO admits company 'messed up' and will publish Superfish removal tool
76,2015-02-20T13:46:39.000Z,2,raywenderlich.com,iOS Assembly Tutorial: Understanding ARM
77,2015-02-20T13:47:43.000Z,4,h3manth.com,Superfluous Patterns of JavaScript
78,2015-02-20T13:50:12.000Z,1,nutanix.com,Hardware Platform Updates ?ÛÒ Haswell Refresh and Configure to Order Support:Nutanix
79,2015-02-20T13:50:55.000Z,1,asserttrue.blogspot.com,Does headline testing work?
80,2015-02-20T13:50:56.000Z,2,r1soft.com,This Week in Data (February 20 2015)
81,2015-02-20T13:53:35.000Z,1,bloomberg.com,Blackshades Co-Creator Yucel Pleads Guilty in Malware Probe
82,2015-02-20T13:54:08.000Z,2,theatlantic.com,Apple Is Basically a Small Country Now
83,2015-02-20T13:54:37.000Z,2,bestvpn.com,Why the 3 strikes system is failing to stop piracy
84,2015-02-20T13:54:38.000Z,1,mowares.com,I think Better to start a business like this in 2015? Lol
85,2015-02-20T13:55:37.000Z,1,gizmodo.com,Meet the 'Real-Life Q' Who Builds Secret Spy Gadgets for a Living
86,2015-02-20T13:58:29.000Z,1,arcticstartup.com,Lithuanian Mobile Worker Launches B2B with ?âÂ500000 Norwegian Capital
87,2015-02-20T14:01:11.000Z,26,blog.netbsd.org,Regular test runs down to zero unexpected failures on multiple architectures
88,2015-02-20T14:04:10.000Z,3,emson.co.uk,Learn from failure find your value
89,2015-02-20T14:05:28.000Z,1,rationaljava.com,Get started with jHiccup ?ÛÒ don't put it off do it now
90,2015-02-20T14:09:15.000Z,3,theregister.co.uk,Joint NSA/GCHQ unit hacked SIM card maker stole just about EVERYONE's keys
91,2015-02-20T14:09:50.000Z,1,bay12games.com,Generated emergent poetic forms ?ÛÒ Dwarf Fortress
92,2015-02-20T14:11:29.000Z,7,wikivinci.com,Wikivinci ?ÛÒ Help build a database of top tutorials and learning resources
93,2015-02-20T14:13:08.000Z,1,opensource.com,4 tips for Drupal migration on a budget
94,2015-02-20T14:13:26.000Z,2,listentoyourengineers.com,Listen to your engineers
95,2015-02-20T14:15:38.000Z,1,en.wikipedia.org,Occam's razor
96,2015-02-20T14:15:50.000Z,2,opensource.com,OnePlus ditches CyanogenMod Raspberry Pi 2 robots and more news
97,2015-02-20T14:16:41.000Z,2,ipestov.com,Essential Plugins for Grunt
98,2015-02-20T14:19:54.000Z,1,eff.org,How to Remove Superfish Adware from Your Lenovo Computer
99,2015-02-20T14:20:28.000Z,2,nytimes.com,Tech Investors Create a Billion-Dollar-Baby Boom
100,2015-02-20T14:20:53.000Z,1,styleci.io,StyleCI ?ÛÒ The PHP Coding Style Continuous Integration Service
101,2015-02-20T14:20:54.000Z,1,business-software.com,8 Free help desk / customer support software for real
102,2015-02-20T14:21:44.000Z,6,github.com,SnapchatBot: Python library for building bots that live on Snapchat
103,2015-02-20T14:23:09.000Z,1,theregister.co.uk,Your hard drives were RIDDLED with NSA SPYWARE
104,2015-02-20T14:24:45.000Z,3,venturebeat.com,A card game called Exploding Kittens just made Kickstarter history
105,2015-02-20T14:25:05.000Z,1,vimeo.com,[Watch me code video] Coding the Corsair23 Project Part 1
106,2015-02-20T14:25:41.000Z,1,information-age.com,New Cyber Security Exam Will Train Governments by Simulating Attacks
107,2015-02-20T14:26:25.000Z,4,gridstylesheets.org,GSS 2.0: CSS polyfills from the future
108,2015-02-20T14:29:43.000Z,27,blog.atomicinc.com,Superfish or Stupidfish?
109,2015-02-20T14:31:19.000Z,2,theverge.com,The US Treasury will now accept PayPal
110,2015-02-20T14:31:56.000Z,3,blog.thehumangeo.com,(Machine) Learning About Love: Who Will Leave the Bachelor Next?
111,2015-02-20T14:32:36.000Z,26,linuxvoice.com,Tim O'Reilly on big data social networks and the future of print
112,2015-02-20T14:32:51.000Z,1,devboxdaily.com,Free Resources Friday
113,2015-02-20T14:36:17.000Z,6,blockify.co,Show HN: Blockify (reusable html/css/js/php snippets)
114,2015-02-20T14:37:01.000Z,3,digitalguardian.com,Feds: Stolen medical record not an 'imminent threat' to victim
115,2015-02-20T14:37:23.000Z,3,github.com,Superfishy downloads
116,2015-02-20T14:37:46.000Z,2,,Ask HN: ChessMobi ?ÛÒ My first iOS chess training application. Feedback welcome
117,2015-02-20T14:37:51.000Z,5,theverge.com,Christ the Redeemer mapped by drone
118,2015-02-20T14:41:13.000Z,116,smithsonianmag.com,Who Can Save the Grand Canyon?
119,2015-02-20T14:45:21.000Z,3,startupiceland.com,Founder Institute Meetup ?ÛÒ Startup Pitch Bootcamp
120,2015-02-20T14:46:13.000Z,42,nist.gov,Crystal Pattern Matching Recovers Serial Numbers Obliterated from Metals
121,2015-02-20T14:47:09.000Z,3,peerj.com,PeerJ Computer Science the new multidisciplinary open access journal
122,2015-02-20T14:47:27.000Z,3,thinkfaster.co,No Really Don't Ask for Help
123,2015-02-20T14:51:15.000Z,3,theverge.com,Sony is no longer an electronics company
124,2015-02-20T14:54:50.000Z,67,j4p3.com,The co-op consultancy
125,2015-02-20T14:58:34.000Z,7,blogs.wsj.com,Twilio Positions Itself for an IPO After Logging $100M in 2014 Revenue
126,2015-02-20T14:59:48.000Z,4,andybromberg.com,Sentiment Analysis in Python
127,2015-02-20T15:00:43.000Z,2,medium.com,Get to know the founder (About getting to know her)
128,2015-02-20T15:03:49.000Z,2,thatsjavainfo.com,Android AlarmManager tutorial
129,2015-02-20T15:03:57.000Z,3,austingwalters.com,Edge Detection in Computer Vision
130,2015-02-20T15:04:19.000Z,289,stuartspencestuff.blogspot.com,Many McGill Education Students Cannot Calculate an Average
131,2015-02-20T15:04:29.000Z,2,computerworld.com,Microsoft gives 100GB free OneDrive storage for 2 years; then charging $2/month
132,2015-02-20T15:06:03.000Z,3,portfolioist.com,Gaming the System
133,2015-02-20T15:06:54.000Z,5,seastar-project.org,Seastar: an open-source C++ framework for high performance on modern hardware
134,2015-02-20T15:07:23.000Z,3,blog.prismic.io,Structured Text: A cleaner way to deal with Rich Text
135,2015-02-20T15:10:23.000Z,3,businessofsoftware.org,Practical Advice on DIY SEO and Inbound from Rand Fishkin Google Hangout
136,2015-02-20T15:11:10.000Z,5,spin.atomicobject.com,Embedded Rust Right Now
137,2015-02-20T15:11:24.000Z,2,aboveavalon.com,Apple Is on Track to Buy Back 20% of Itself by 2017
138,2015-02-20T15:12:40.000Z,34,becomingminimalist.com,The Man Who Quit Money: An Interview with Daniel Suelo
139,2015-02-20T15:16:38.000Z,3,gotgutsy.com,Discover what your friends really think of you
140,2015-02-20T15:18:55.000Z,3,stevestreeting.com,SteveStreeting.com åÈ Timing
141,2015-02-20T15:23:33.000Z,9,9to5mac.com,Apple will fight iOS bugs with first-ever iOS Public Betas
142,2015-02-20T15:24:44.000Z,3,businessinsider.com,Scientists discovered personality difference between entrepreneurs and employees
143,2015-02-20T15:25:27.000Z,4,wsj.com,To Revive Wallet Google Tries to Wrangle Unruly Partners
144,2015-02-20T15:26:40.000Z,40,wsj.com,China Estimates Largest Capital Outflow in More Than a Decade in 2014
145,2015-02-20T15:28:44.000Z,2,medium.com,Forrest Gump would have been an awesome founder
146,2015-02-20T15:29:12.000Z,2,engineering-blog.alphasights.com,Deploying Ember Applications with Divshot
147,2015-02-20T15:30:19.000Z,1,,Ask HN: What's the best way to plan my day?
148,2015-02-20T15:34:15.000Z,3,reganmian.net,OpenEdX and LTI: Pedagogical Scripts and SSO
149,2015-02-20T15:38:31.000Z,1,machinedlearnings.com,Adversarial Scenarios and Economies of Scale
150,2015-02-20T15:38:37.000Z,2,whitehouse.gov,DJ Patil to Be USA's Chief Data Scientist
151,2015-02-20T15:39:51.000Z,397,wired.com,Lenovo's Response to Its Dangerous Adware Is Astonishingly Clueless
152,2015-02-20T15:40:08.000Z,1,bloviations.net,Open Standards Are the Worst (Sometimes)
153,2015-02-20T15:41:19.000Z,2,forbes.com,How Long Does SEO Take to Start Working?
154,2015-02-20T15:42:04.000Z,1,realm.io,Controlling Complexity in Swift [presentation/video]
155,2015-02-20T15:44:52.000Z,16,status.bitbucket.org,Bitbucket is down
156,2015-02-20T15:45:25.000Z,1,kurzweilai.net,Scientists find ?Û÷strongest?Ûª natural material
157,2015-02-20T15:46:49.000Z,2,kickstarter.com,3 in 1 Stand Up Stand in a Tube
158,2015-02-20T15:48:21.000Z,1,thenewstack.io,ActiveState: Why Docker Without Container Orchestration Is Not Enough
159,2015-02-20T15:54:29.000Z,1,,Ask HN: How do hackers hack?
160,2015-02-20T15:54:40.000Z,74,personal.cis.strath.ac.uk,She: The Strathclyde Haskell Enhancement
161,2015-02-20T15:59:07.000Z,3,itunes.apple.com,Show HN: A secure way to share snapshots from your Mac (free)
162,2015-02-20T15:59:45.000Z,1,gnippets.com,Show HN: Gnippets ?ÛÒ Open-source auto-compiling library of gists
163,2015-02-20T16:00:45.000Z,3,sakurity.com,Hire me for on-site security consulting in San Francisco Bay Area
164,2015-02-20T16:01:10.000Z,3,blackhole12.blogspot.com,Does Anyone Actually Want Good Software?
165,2015-02-20T16:01:55.000Z,36,eprints.eemcs.utwente.nl,Functional Programming with Bananas Lenses Envelopes and Barbed Wire (1991) [pdf]
166,2015-02-20T16:03:20.000Z,1,css-tricks.com,Polylion. Awesome SVG Effects
167,2015-02-20T16:03:45.000Z,2,news.dice.com,IBM thinks data can improve football stadiums or at least the bathroom line
168,2015-02-20T16:05:25.000Z,1,news.dice.com,In space a laptop doubles as a VR headset
169,2015-02-20T16:05:27.000Z,2,west-info.eu,Moving limbs with your mind
170,2015-02-20T16:06:37.000Z,313,economist.com,Too much finance is bad for the economy
171,2015-02-20T16:07:48.000Z,8,economist.com,Language change: slowly does it
172,2015-02-20T16:07:59.000Z,1,motherboard.vice.com,The Scariest Ways Humanity Could Die Out Are the Ones We Haven't Thought of Yet
173,2015-02-20T16:08:31.000Z,45,motherboard.vice.com,Vaccinating the World's Top Predators May Be the Only Way to Save Them
174,2015-02-20T16:09:10.000Z,2,gigaom.com,A massive database now translates news in 65 languages in real time
175,2015-02-20T16:09:10.000Z,1,twitter.com,Windows Defender Removes SuperFish
176,2015-02-20T16:09:16.000Z,1,gapjumpers.me,What interview questions to ask when hiring a UX Designer
177,2015-02-20T16:09:45.000Z,54,crowdsupply.com,Quiet Linear Mechanical Keyboard Switch Designed by the Open Steno Project
178,2015-02-20T16:09:46.000Z,9,thoughtly.co,Prototype ML/NLP Code Lesson 3: Bayes Theorem
179,2015-02-20T16:09:52.000Z,3,free-electrons.com,Linux kernel and driver dev lab book (free-electrons.com) [pdf]
180,2015-02-20T16:10:50.000Z,1,bluefletch.com,How to solicit feedback from users and make the best possible mobile app
181,2015-02-20T16:11:09.000Z,5,microsoft.com,Win32/CompromisedCert
182,2015-02-20T16:12:56.000Z,2,metova.com,Cross-Platform Apps Are Valuable Not Cheap
183,2015-02-20T16:13:50.000Z,1,blog.disqovery.com,How I perform as a sole startup founder
184,2015-02-20T16:15:19.000Z,3,tripwire.com,U.S. Marshalls Announce Auction of 50000 Bitcoins Seized from Silk Road Creator
185,2015-02-20T16:15:51.000Z,1,talentbuddy.co,What Influenced the Careers of Top Developers Early On?
186,2015-02-20T16:16:06.000Z,39,reprogramming.com,A Hard Lesson About Planning for Scale
187,2015-02-20T16:16:42.000Z,2,mobile-text-alerts.com,Send Mass Text Alerts to Your Group
188,2015-02-20T16:17:06.000Z,1,whatsthere.co,Search and view the latest instagram pics everywhere in the world through a map
189,2015-02-20T16:17:35.000Z,2,flowingdata.com,Algorithm Generated Song (from NYC income data)
190,2015-02-20T16:17:50.000Z,1,appew.co,'Alto's Adventure'is APPEW's top app today
191,2015-02-20T16:17:51.000Z,3,mvc.zeef.com,All about MVC 1.0 the new MVC framework for Java EE 8
192,2015-02-20T16:21:41.000Z,2,nytimes.com,800000 Using HealthCare.gov Were Sent Incorrect Tax Data
193,2015-02-20T16:25:39.000Z,273,jlongster.com,Statements about the Mobile Web
194,2015-02-20T16:25:47.000Z,1,factor-tech.com,US emerging tech policies are risking the country?Ûªs place in the future
195,2015-02-20T16:26:19.000Z,2,primatelabs.com,Geekbench Cross-platform processor benchmark
196,2015-02-20T16:27:45.000Z,34,filipwolanski.com,Do the English Use More Words Than the French?
197,2015-02-20T16:28:37.000Z,2,github.com,Microservice design resources
198,2015-02-20T16:28:53.000Z,1,,Ask HN: Why is my profile page ?ÛÏlimited?Û??
199,2015-02-20T16:29:09.000Z,2,github.com,Using types to build reliable systems
200,2015-02-20T16:29:18.000Z,3,programmableweb.com,Stripe Now Accepts Bitcoin Payments
201,2015-02-20T16:29:38.000Z,1,blog.stonlybaptiste.com,What makes Urban.Us different
202,2015-02-20T16:30:38.000Z,1,msn.com,Flipkart tops Airbnb Dropbox in valuation
203,2015-02-20T16:31:57.000Z,13,gigaom.com,The Druid real-time database moves to an Apache license
204,2015-02-20T16:32:01.000Z,3,hartator.github.io,Web Crawler on the Client Side
205,2015-02-20T16:32:05.000Z,9,,Try any language in your browser with websocketd
206,2015-02-20T16:32:17.000Z,19,dustri.org,On superfish and cloudflare
207,2015-02-20T16:32:41.000Z,10,datacamp.com,DataCamp launches R Training Path going head-to-head with Udacity and Coursera
208,2015-02-20T16:35:17.000Z,8,blogs.nature.com,Why PhD students should consider career options early on
209,2015-02-20T16:37:45.000Z,2,twitter.com,Windows Defender is removing Superfish *and* the cert
210,2015-02-20T16:38:36.000Z,6,crosscut.com,Why Google Fiber will never come to Seattle (2012)
211,2015-02-20T16:39:49.000Z,2,linkedin.com,5 Steps Every Business Leader Must Take to Fight Hackers
212,2015-02-20T16:40:22.000Z,2,layerswp.com,Layers ?ÛÒ WordPress Site BuilderLayers ?ÛÒ WordPress Site Builder
213,2015-02-20T16:44:58.000Z,2,techcrunch.com,A Year Later $19B for WhatsApp Doesn?Ûªt Sound So Crazy
214,2015-02-20T16:46:19.000Z,4,economist.com,What Russia Wants: From Cold War to Hot War
215,2015-02-20T16:47:47.000Z,1,archive.wired.com,Say Hello to Stanley ?ÛÒ the self-driving car (2006)
216,2015-02-20T16:52:16.000Z,2,producthunt.com,Responsive prototyping tool Weld.io launches trends on Product Hunt
217,2015-02-20T16:57:10.000Z,3,nakedsecurity.sophos.com,Sophos naked security has a good a-z on superfish
218,2015-02-20T16:59:03.000Z,1,notes.fundersandfounders.com,People who took an indirect path to success
219,2015-02-20T16:59:49.000Z,8,neowin.net,Microsoft updates Windows Defender fries Superfish like a piece of Carp
220,2015-02-20T17:00:23.000Z,2,npr.org,The World Could Be on the Verge of Losing a Powerful Malaria Drug
221,2015-02-20T17:02:09.000Z,5,blog.angelbacker.co,Sandwich Video Said No We Decided to Make Our Own Startup Explainer Video
222,2015-02-20T17:02:26.000Z,1,littlebigdetails.com,Facebook ?ÛÒ Opening the developer inspector
223,2015-02-20T17:02:31.000Z,3,theindustry.cc,Good Design is Long-Lasting
224,2015-02-20T17:02:36.000Z,1,reedsy.com,Meet Reedsy where author find the best publishing professionals
225,2015-02-20T17:04:23.000Z,60,daringfireball.net,On the Pricing of Apple Watch
226,2015-02-20T17:06:05.000Z,1,jsfiddle.net,An Unusable FizzBuzz Clock
227,2015-02-20T17:08:28.000Z,43,maximise.dk,Why the Euro will ultimately fail
228,2015-02-20T17:12:35.000Z,3,mongol.meteor.com,Mongol ?ÛÒ The Insanely Useful Meteor Development Package
229,2015-02-20T17:13:18.000Z,1,huffingtonpost.com,Teen Struggling to Survive After 'Superbug' Infection at UCLA Hospital
230,2015-02-20T17:15:35.000Z,2,,Any cloud IDE suggestions?
231,2015-02-20T17:17:50.000Z,1,nydailynews.com,Google to roll out coding classes for 100K New York City school kids
232,2015-02-20T17:20:04.000Z,130,wsj.com,Twilio Positions Itself for an IPO After Logging $100M in 2014 Revenue
233,2015-02-20T17:20:06.000Z,6,wired.com,Spies Can Track You Just by Watching Your Phone?Ûªs Power Use
234,2015-02-20T17:20:27.000Z,2,yetanothergreatidea.wordpress.com,Lessons learned from strangers on the Internet
235,2015-02-20T17:22:35.000Z,26,wsj.com,To Revive Wallet Google Tries to Wrangle Unruly Partners
236,2015-02-20T17:23:43.000Z,1,status.bitbucket.org,Bitbucket is down
237,2015-02-20T17:23:53.000Z,1,medium.com,Have you told your gaming buddies that you love them lately?
238,2015-02-20T17:24:38.000Z,5,,Ask HN: CSS Grids Systems vs Flexboxes?
239,2015-02-20T17:24:42.000Z,109,washingtonpost.com,Why schools are failing our boys
240,2015-02-20T17:31:04.000Z,1,timesofindia.indiatimes.com,Antarctica: Mystery continent holds key to mankind's future
241,2015-02-20T17:31:33.000Z,3,buzzfeed.com,It?Ûªs Already Over and Uber Has Won
242,2015-02-20T17:32:58.000Z,78,nofilmschool.com,How Lucas Spielberg and Kasdan Created 'Raiders of the Lost Ark' (2013)
243,2015-02-20T17:34:10.000Z,8,nytimes.com,Boston?Ûªs Winter from Hell
244,2015-02-20T17:34:59.000Z,1,stackoverflow.com,Singletons vs. Application Context in Android?
245,2015-02-20T17:37:28.000Z,1,blog.luisrei.com,Implementing a RESTful Web API with Python and Flask
246,2015-02-20T17:38:48.000Z,2,nextnewdeal.net,The One Where Larry Summers Demolished the Robots and Skills Arguments
247,2015-02-20T17:46:06.000Z,82,thinkfaster.co,Why Rockstar Developers Don't Ask for Help
248,2015-02-20T17:46:47.000Z,1,evilsocket.net,SuperFish AdWare found inside X-Notifier browser extension code
249,2015-02-20T17:48:03.000Z,3,read.payne.io,How we use Docker Bash and old Oracle utils to break data out of the enterprise
250,2015-02-20T17:48:07.000Z,2,play.google.com,Show HN: Iboga ?ÛÒ An app that gives you insights into life from real people
251,2015-02-20T17:49:47.000Z,3,blog.thousandeyes.com,Comparing DNS Root Server Performance Around the World
252,2015-02-20T17:55:00.000Z,2,github.com,Example Redis binds to just 127.0.0.1
253,2015-02-20T17:56:24.000Z,9,facebook.github.io,Introducing Relay and GraphQL
254,2015-02-20T18:04:09.000Z,1,sdtimes.com,Microsoft Releases Azure Machine Learning
255,2015-02-20T18:04:10.000Z,1,randsinrepose.com,An Ideal Conversation
256,2015-02-20T18:04:39.000Z,11,donnfelker.com,Fragmented ?ÛÒ A Podcast for Android Developers
257,2015-02-20T18:07:10.000Z,2,theverge.com,Nokia saw the future but couldn't build it
258,2015-02-20T18:07:48.000Z,1,twitter.com,What I feel like programming with other people's libraries sometimes
259,2015-02-20T18:09:13.000Z,2,github.com,Nodever ?ÛÒ a minimalistic node version manager
260,2015-02-20T18:09:26.000Z,8,techcrunch.com,The NSA Reportedly Stole Millions of SIM Encryption Keys to Gather Private Data
261,2015-02-20T18:10:11.000Z,1,play.google.com,Show HN: Polygon Match a tiny puzzle game(Android)
262,2015-02-20T18:10:22.000Z,5,bitbanter.com,Lenovo Under Sustained Man in Middle Management Attack
263,2015-02-20T18:13:50.000Z,45,hackerschool.com,A string of unexpected lengths
264,2015-02-20T18:17:05.000Z,2,deskstand.co,DeskStand
265,2015-02-20T18:19:03.000Z,6,nicolashery.com,Exploring Isomorphic JavaScript
266,2015-02-20T18:19:36.000Z,1,blogs.microsoft.com,KRBTGT Account Password Reset Scripts Now Available for Customers
267,2015-02-20T18:20:12.000Z,1,deadliestwebattacks.com,Cross-Site Tracing (XST): The misunderstood vulnerability
268,2015-02-20T18:21:50.000Z,2,ibiblio.org,The case of the 500-mile email
269,2015-02-20T18:21:52.000Z,1,goapprise.com,Content Marketing: How to Get More Bang for Your Buck
270,2015-02-20T18:22:32.000Z,2,imgur.com,Why I hate Google Calendar. Can't handle long titles
271,2015-02-20T18:22:52.000Z,2,nybooks.com,Scrawled Insults and Epiphanies
272,2015-02-20T18:22:54.000Z,6,recorderkickstarter.com,Record streaming radio other music and cell phone calls to MP3 -RecorderPlugin
273,2015-02-20T18:23:29.000Z,1,petapixel.com,Toshiba Shows Off Its Camera Module Prototypes for Google?Ûªs Project Ara Phone
274,2015-02-20T18:24:32.000Z,1,huffingtonpost.com,Students should collaborate in the classroom not compete
275,2015-02-20T18:24:33.000Z,1,swannodette.github.io,Transit-js Caching
276,2015-02-20T18:24:57.000Z,36,medievalbooks.nl,Cracking Codes in Medieval Books
277,2015-02-20T18:25:44.000Z,3,github.com,Show HN: Naringu ?ÛÒ A Hacker like Jekyll theme
278,2015-02-20T18:26:09.000Z,4,jwj.org,In at Least 22 States Your Student Debt Could Cost You Your Job
279,2015-02-20T18:26:37.000Z,2,yobriefca.se,Review of Wake: a language aimed at testability expressiveness and typesafety
280,2015-02-20T18:26:41.000Z,60,segment.com,Building Building Blocks
281,2015-02-20T18:28:35.000Z,1,gapjumpers.me,What interview questions to ask a Python developer (intern)
282,2015-02-20T18:28:59.000Z,2,blog.speak.io,Using Timezone Offsets to Boost Team Productivity
283,2015-02-20T18:29:20.000Z,29,twitter.com,?ÛÏThe news web is straight trash?Û?
284,2015-02-20T18:30:06.000Z,1,carpetbagger.blogs.nytimes.com,Probing the Mysteries of a Photographer and Her Images
285,2015-02-20T18:30:25.000Z,13,blog.datafiniti.co,Analyzing 400000+ Online Hotel Reviews Across the US
286,2015-02-20T18:31:29.000Z,6,toptal.com,Developing Mobile Applications with Apache Cordova
287,2015-02-20T18:33:24.000Z,4,paren.com,Isomorphic Clojure[Script] ?ÛÒ Portable Code
288,2015-02-20T18:33:37.000Z,1,twitter.com,LinkedIn limiting number of searches for free profiles
289,2015-02-20T18:34:16.000Z,3,op-talk.blogs.nytimes.com,What If We Lost the Sky?
290,2015-02-20T18:34:24.000Z,2,mobilemyform.com,Show HN: MobileMyForm Turn Your Paper Forms into a Native Mobile App
291,2015-02-20T18:35:54.000Z,2,solidwallsapp.com,Show HN: Solid Walls ?ÛÒ Random solid colour wallpapers for your Mac
292,2015-02-20T18:36:26.000Z,1,contrastly.com,The Tao of Photography
293,2015-02-20T18:36:40.000Z,2,www2.keil.com,ARM Cortex M4 Design Contest
294,2015-02-20T18:36:48.000Z,2,vox.com,8 ways Obamacare has proved its critics wrong
295,2015-02-20T18:37:07.000Z,1,businessinsider.in,A LOT of tech workers are being bullied at work
296,2015-02-20T18:38:48.000Z,2,dtelepathy.com,My First 90 Days as a UX Designer
297,2015-02-20T18:41:04.000Z,2,defenseone.com,Interview with a U.S. Intelligence Community Privacy Officer
298,2015-02-20T18:41:07.000Z,2,blog.aha.io,Show HN: Give Your Logo Some Love?Û?Add It and Your Brand Colors to Aha
299,2015-02-20T18:41:19.000Z,2,techcrunch.com,How a Startup Accidentally ?ÛÏHacked?Û? Shark Tank with a QR Code
300,2015-02-20T18:41:23.000Z,3,telegraph.co.uk,Guardian newspaper 'changed Iraq article to avoid offending Apple'
301,2015-02-20T18:44:07.000Z,5,github.com,Show HN: Ko-calendar ?ÛÒ A datetime picker built with knockout.js
302,2015-02-20T18:45:54.000Z,4,appreviewcentral.net,Where Is Mobile Security Headed This Year?
303,2015-02-20T18:47:01.000Z,2,takingnote.blogs.nytimes.com,AT&T: Putting a Price on Privacy ?ÛÒ $29
304,2015-02-20T18:47:24.000Z,1,mikeash.com,Let's Build synchronized
305,2015-02-20T18:47:56.000Z,2,jobtipsforgeeks.com,What I Learned After 15 Years as a Java Group Leader
306,2015-02-20T18:48:05.000Z,490,blog.samaltman.com,Startup advice briefly
307,2015-02-20T18:48:16.000Z,2,onthemedia.org,Vivek Wadhwa on TLDR
308,2015-02-20T18:48:20.000Z,1,newsweek.com,Diseases of the Mind (2003)
309,2015-02-20T18:48:57.000Z,1,johnnystartup.com,Startup Worker as Venture Capitalist
310,2015-02-20T18:49:05.000Z,1,simple.icouch.me,Pay for mental health therapy with Bitcoin
311,2015-02-20T18:49:36.000Z,6,nextshark.com,The 6 Tools We Use to Run a Company While 500 Miles Apart
312,2015-02-20T18:52:10.000Z,1,bloomberg.com,New Rock Band Game Said to Be Developed for Latest Consoles
313,2015-02-20T18:52:16.000Z,2,twitter.com,Just want to say how grateful I am for Bitbucket
314,2015-02-20T18:52:22.000Z,2,codeascraft.com,Re-Introducing Deployinator now as a gem
315,2015-02-20T18:53:44.000Z,2,facebook.github.io,Introducing Relay and GraphQL ?ÛÒ Data Fetching for React Applications
316,2015-02-20T18:54:22.000Z,1,economist.com,Why negative interest rates won?Ûªt save the global economy
317,2015-02-20T18:54:41.000Z,2,blog.continuum.net,Amplify Your PR Efforts with Social Media: Quick and Easy Cheat Sheet
318,2015-02-20T18:56:47.000Z,1,vilcins.lv,Sublime Text Packages for Front-End Development
319,2015-02-20T18:58:59.000Z,2,pyvmmonitor.com,PyVmMonitor: Profiler GUI for Python
320,2015-02-20T18:59:06.000Z,2,thenextweb.com,Search engines doing food ordering :: Watch Out DOORDASH|ORDERAHEAD|ETC
321,2015-02-20T19:00:28.000Z,14,medium.com,How to Avoid Issues That Could Kill Your Product
322,2015-02-20T19:00:44.000Z,1,fastcodesign.com,How a Story from World War II Shapes Facebook Today
323,2015-02-20T19:02:33.000Z,16,aeon.co,Dark Leviathan
324,2015-02-20T19:02:44.000Z,4,thanktheacademy.herokuapp.com,Generate a random Oscar thank you speech
325,2015-02-20T19:02:46.000Z,3,thatsjavainfo.com,Creating Android Menus
326,2015-02-20T19:03:03.000Z,7,,Should I invest $100K in a startup for 3% equity? ?ÛÒ pre money valuation is $20M
327,2015-02-20T19:03:07.000Z,1,mushroomnetworks.com,Strategies and Reasons for Implementing Hybrid Cloud
328,2015-02-20T19:03:09.000Z,2,viz.adrian.pw,Simulate galactic potentials and mergers
329,2015-02-20T19:04:52.000Z,1,changethis.com,Why Technologists Should Work for Themselves [pdf]
330,2015-02-20T19:07:48.000Z,1,macrumors.com,Apple Aiming to Begin Electric Car Production in 2020
331,2015-02-20T19:08:27.000Z,1,motherboard.vice.com,Why Does the Tomato-Potato Plant Exist?
332,2015-02-20T19:08:51.000Z,1,motherboard.vice.com,The Bleak Science Bankrolled by the Pentagon
333,2015-02-20T19:10:39.000Z,1,learn.exponential.io,Show HN: (FREE) Course on Python REST API Development
334,2015-02-20T19:11:03.000Z,1,blog.bigml.com,Visualize Your Data with Dynamic Scatterplots
335,2015-02-20T19:11:21.000Z,1,platter.pocoo.org,Platter is a deployment helper for Python
336,2015-02-20T19:13:40.000Z,12,,Ask HN: What do you hate about finding a new job?
337,2015-02-20T19:14:46.000Z,1,economist.com,Why flu shots are a lottery
338,2015-02-20T19:15:02.000Z,15,medium.com,We?Ûªre shutting down Tiiny
339,2015-02-20T19:19:01.000Z,1,news.yahoo.com,Antartica Post Office looking for job applicants
340,2015-02-20T19:19:44.000Z,5,nextshark.com,This Stunning Time Lapse Video of Dubai Will Leave You Speechless
341,2015-02-20T19:20:02.000Z,42,v2.polarr.co,Polarr v2 ?ÛÒ free web-based photo editor
342,2015-02-20T19:20:32.000Z,1,old.siggraph.org,Computer Graphics in Court: The Adobe/Quantel Case (1998)
343,2015-02-20T19:21:08.000Z,1,icir.org,A Tangled Mass: The Android Root Certificate Stores [pdf]
344,2015-02-20T19:22:08.000Z,1,nytimes.com,The Upside of Waiting in Line
345,2015-02-20T19:22:21.000Z,2,fabian-kostadinov.github.io,How I Created a Simple DBMS Using GitHub Jekyll Prose and Heroku
346,2015-02-20T19:22:23.000Z,11,noredinktech.tumblr.com,Don?Ûªt Replace CoffeeScript with ES6 Transpilers
347,2015-02-20T19:28:05.000Z,1,around.com,Bots on Patrol
348,2015-02-20T19:29:32.000Z,2,avclub.com,Get your semi-legal jams on with the best in keygen music
349,2015-02-20T19:32:45.000Z,3,dribbble.com,No One Likes a Bad Pitch: How to Tell a Story with Your Pitch Deck
350,2015-02-20T19:34:38.000Z,2,techcrunch.com,Siri founders' new startup Viv raises a $12.5M B round before it has a product
351,2015-02-20T19:35:13.000Z,3,robots.thoughtbot.com,Announcing Goal-Oriented Git
352,2015-02-20T19:36:30.000Z,2,security.howellsonline.ca,Think Like a Cyber Security General
353,2015-02-20T19:36:45.000Z,2,tiempoapp.com,How to Pay Independent Contractors
354,2015-02-20T19:37:55.000Z,1,wiki.mozilla.org,Mozilla on Key management
355,2015-02-20T19:39:09.000Z,2,rationalwiki.org,RationalWiki ?ÛÒ Analyzing and refuting the anti-science movement
356,2015-02-20T19:39:33.000Z,3,insidehook.com,This Is Warren Buffett?Ûªs Portfolio. Not Kidding
357,2015-02-20T19:42:52.000Z,8,wsj.com,Can an App Be Too Successful? Ask ?Û÷Trivia Crack?Ûª
358,2015-02-20T19:43:39.000Z,1,fightland.vice.com,Street Fighter in the UFC: Hadoukens and Izuna Drops
359,2015-02-20T19:44:21.000Z,3,devopsleague.com,DevOps League: Certification by the Industry's Leading Thought Lords
360,2015-02-20T19:45:15.000Z,2,mobile.reuters.com,Hack gave U.S. and British spies access to billions of phones: Intercept
361,2015-02-20T19:46:38.000Z,1,gromf.com,Gromf web/iOS: organize events and invite without collection of personal data
362,2015-02-20T19:48:43.000Z,1,,Ask HN: Who's using CD?
363,2015-02-20T19:49:34.000Z,49,stackshare.io,How FarmLogs Is Building Software to Power the Future of Farming
364,2015-02-20T19:49:40.000Z,3,matadornetwork.com,26 signs you were born and raised in Germany
365,2015-02-20T19:50:20.000Z,1,kpcbfellows.com,KPCB Fellows Challenge
366,2015-02-20T19:50:56.000Z,1,medium.com,Exploit Nginx Access Log with Rsyslog Logstash ElasticSearch and Kibana
367,2015-02-20T19:52:37.000Z,1,makezine.com,How to Use Digital Potentiometers to Control Light and Sound
368,2015-02-20T19:53:23.000Z,1,theautomatedstore.com,Ruby on Rails as a Physical Machine
369,2015-02-20T19:55:56.000Z,4,zdnet.com,Canonical Partners with Amazon Microsoft and Others on Internet of Things
370,2015-02-20T19:56:39.000Z,1,,Ask HN: Would You Read a Book on Hacking Your Salary If I Wrote It?
371,2015-02-20T19:56:57.000Z,1,buzzfeed.com,It?Ûªs Already Over and Uber Has Won
372,2015-02-20T19:57:13.000Z,2,github.com,Unicum a restful server for unique id generation
373,2015-02-20T19:59:08.000Z,4,youtube.com,Erlang ?ÛÒ Building Blocks for Global Distributed Systems [video]
374,2015-02-20T19:59:32.000Z,9,,Ask HN: Quit startup and they still using me on the deck to raise money
375,2015-02-20T19:59:34.000Z,1,metova.com,What does it mean to be accountable?
376,2015-02-20T20:01:03.000Z,13,quora.com,How do you make programmers work 60-80 hours per week?
377,2015-02-20T20:05:08.000Z,2,bfi.uchicago.edu,When To Quit? Force a Moment of Truth (Steven Levitt Econ Perspective)
378,2015-02-20T20:07:32.000Z,2,soundcloud.com,A great exercise in how never to sell something to anyone. Ever
379,2015-02-20T20:11:23.000Z,1,darksidedetective.com,Darkside Detective Demo
380,2015-02-20T20:11:38.000Z,171,blog.rust-lang.org,Announcing Rust 1.0-alpha2
381,2015-02-20T20:12:59.000Z,313,ir.netflix.com,Netflix Long Term View
382,2015-02-20T20:13:51.000Z,1,sploid.gizmodo.com,Amazing golden era NASA photographs you never get to see
383,2015-02-20T20:16:59.000Z,1,colorkit.maketheweb.pl,ColorKit ?ÛÒ Revolutionary colors management in Photoshop
384,2015-02-20T20:17:26.000Z,2,ooc-lang.org,Ooc is a small programming language that compiles to C99
385,2015-02-20T20:19:31.000Z,5,zeltser.com,Experimenting with Honeypots Using the Modern Honey Network
386,2015-02-20T20:19:51.000Z,5,digitalocean.com,Taming Your Go Dependencies
387,2015-02-20T20:24:09.000Z,2,uspread.net,uSpread ?ÛÒ The Anonymous Location-Based Social Network
388,2015-02-20T20:27:47.000Z,1,sanfrancisco.cbslocal.com,How Uber's Autonomous Cars Will Destroy 10M Jobs and Reshape the Economy by 2025
389,2015-02-20T20:27:54.000Z,148,waterstones.com,British bookseller hides reading list for developers in its website source code
390,2015-02-20T20:27:59.000Z,23,everydaycarry.com,What I carry with me every day: Erik Spiekermann
391,2015-02-20T20:28:03.000Z,7,blog.abhinav.ca,Akka Streams: Fetch 1M Twitter profiles in less than 5min
392,2015-02-20T20:30:21.000Z,2,medium.com,How to Become a Badass iOS Developer
393,2015-02-20T20:32:29.000Z,1,github.com,Fork-a-Wiki: A simple version-controlled Wiki for GitHub users
394,2015-02-20T20:33:45.000Z,1,facebook.github.io,Introducing Relay and GraphQL
395,2015-02-20T20:39:10.000Z,2,mongodb.com,Using MongoDB with Hadoop and Spark: Part 3 ?ÛÒ Spark Example and Key Takeaways
396,2015-02-20T20:40:47.000Z,2,drudge.com,Gates Trust Sells $1B in McDonald's Stock
397,2015-02-20T20:48:25.000Z,2,wsj.com,The New White Flight in Silicon Valley
398,2015-02-20T20:49:15.000Z,1,ecorner.stanford.edu,Mercenaries and Missionaries
399,2015-02-20T20:52:15.000Z,1,github.com,Show HN: I built a Twitterbot to post Peter Kim's XSS payloads (walkthrough)
400,2015-02-20T20:54:54.000Z,4,twitter.com,Chrome needs 30MB to constantly listen for me MAYBE someday saying ?ÛÏOK Google??Û?
401,2015-02-20T20:57:55.000Z,2,johndcook.com,The opposite of an idiot
402,2015-02-20T21:00:32.000Z,1,blog.boramalper.org,Object System (an Object Oriented Approach to the File Systems)
403,2015-02-20T21:02:12.000Z,1,cocktailjs.github.io,CocktailJS ?ÛÒ Why Annotations?
404,2015-02-20T21:02:40.000Z,1,getrevue.co,My Weekly Newsletter Digest
405,2015-02-20T21:05:32.000Z,2,arstechnica.com,FDA allows 23AndMe to use its genetic kits to test for Bloom Syndrome
406,2015-02-20T21:07:00.000Z,38,medium.com,Unicorns vs. Horses: Why I Want to Be In-N-Out Burger Not McDonalds
407,2015-02-20T21:08:57.000Z,2,vreplay.mozilla.com,Tighter host OS integration for web apps [5:59]
408,2015-02-20T21:09:06.000Z,1,betaboston.com,Crayon launches website design palette for UX UI marketers
409,2015-02-20T21:09:13.000Z,25,nytimes.com,The Government?Ûªs Bad Diet Advice
410,2015-02-20T21:11:39.000Z,2,nasa.gov,NASA ESA Telescopes Give Shape to Furious Black Hole Winds
411,2015-02-20T21:12:37.000Z,1,iafrikan.com,Digital Safety and Implicit Privacy
412,2015-02-20T21:14:15.000Z,2,buzzfeed.com,Uber Takes a Deep Data Dive on Its Drivers
413,2015-02-20T21:17:02.000Z,2,bodhilinux.com,Bodhi Linux 3.0.0 Release
414,2015-02-20T21:17:09.000Z,3,azure.microsoft.com,The first Azure hosted service that runs on Linux
415,2015-02-20T21:18:15.000Z,1,osnews.com,Russian researchers expose breakthrough in US spying program
416,2015-02-20T21:20:53.000Z,1,revboss.com,How Many Customers Should I Get from My Outbound Sales Program?
417,2015-02-20T21:24:14.000Z,2,ma.ttias.be,Tearing Down Lenovo?Ûªs Superfish Statement
418,2015-02-20T21:25:21.000Z,2,arstechnica.com,Linux has 2000 new developers and gets 10000 patches for each version
419,2015-02-20T21:29:37.000Z,1,pcworld.com,LibreOffice and OpenOffice for FirefoxOS
420,2015-02-20T21:35:23.000Z,1,zdziarski.com,Superfish Spyware Also Available on iOS and Android
421,2015-02-20T21:35:30.000Z,2,nostarch.com,The GNU Make Book Early Access
422,2015-02-20T21:36:39.000Z,149,honeyflow.com,Flow Hive: Honey on Tap Directly from Your Beehive
423,2015-02-20T21:36:53.000Z,7,abc.net.au,Rare 'Doctor Who' Synthesiser EMS Synthi 100 Restored in Melbourne
424,2015-02-20T21:37:49.000Z,3,wikivinci.com,Wikivinci Explores Free Crowdsourced Online Courses
425,2015-02-20T21:38:46.000Z,4,arxiv.org,Scalable Bayesian Optimization Using Deep Neural Networks
426,2015-02-20T21:41:08.000Z,2,gist.github.com,Komodia's ring-0 rootkit could be abused by malware
427,2015-02-20T21:42:24.000Z,2,linkedinclassactionsettlement.com,LinkedIn emails premium users class action settlement information
428,2015-02-20T21:45:08.000Z,4,github.com,Stetho: A debug bridge for Android applications
429,2015-02-20T21:45:30.000Z,1,arstechnica.com,How hackers could attack hard drives to create a pervasive backdoor
430,2015-02-20T21:47:29.000Z,3,fortune.com,The hype over driverless cars: is it overdone?
431,2015-02-20T21:51:09.000Z,1,draftapp.com,The Amazing ETF
432,2015-02-20T21:51:22.000Z,1,github.com,HTML5 outliner
433,2015-02-20T21:52:00.000Z,29,blog.filippo.io,Komodia/Superfish SSL Validation is broken
434,2015-02-20T21:55:21.000Z,1,getrevue.co,Revue ?ÛÒ Your weekly digest. Automated
435,2015-02-20T21:55:53.000Z,3,github.com,Simple Serviceworker tutorial
436,2015-02-20T21:59:06.000Z,1,nytimes.com,Global Warming Could Make the Super-Rich Jealous of Rowhouse Residents
437,2015-02-20T22:00:56.000Z,2,medium.com,A SPDYer web page?Û?
438,2015-02-20T22:01:04.000Z,2,singhrahul.com,Compete Only with Yourself
439,2015-02-20T22:03:08.000Z,4,observer.com,Bitcoin crime spree in NYC
440,2015-02-20T22:03:17.000Z,1,all3dp.com,Review of the zortrax 3d printer
441,2015-02-20T22:06:53.000Z,1,,Ask HN: Which general science magazine is the best?
442,2015-02-20T22:07:16.000Z,1,twitter.com,Windows Defender now removes Superfish
443,2015-02-20T22:08:12.000Z,1,lucene.apache.org,Apache Solr 5 Released
444,2015-02-20T22:08:25.000Z,4,zdziarski.com,Superfish Spyware Also Available for iOS and Android
445,2015-02-20T22:08:37.000Z,5,forerunnerdb.com,ForerunnerDB.js
446,2015-02-20T22:11:10.000Z,1,blogs.wsj.com,Samsung Gear VR Review: A Shallow Dip into the Virtual Pool
447,2015-02-20T22:13:09.000Z,1,motherboard.vice.com,How Dark Matter Could Have Helped Kill the Dinosaurs
448,2015-02-20T22:13:27.000Z,2,motherboard.vice.com,What Is HTTP/2 and Why Should You Care About It?
449,2015-02-20T22:14:08.000Z,4,spectrum.ieee.org,An app that reduces traffic in rush hours by 20%
450,2015-02-20T22:14:20.000Z,1,web.stcloudstate.edu,GPS Operations Contradict the Two Principles of Special Relativity [pdf]
451,2015-02-20T22:14:27.000Z,3,guykawasaki.com,The Art of Evangelism
452,2015-02-20T22:14:38.000Z,5,borderlands-books.blogspot.com,An Opportunity for Borderlands to Stay Open
453,2015-02-20T22:17:15.000Z,3,medium.com,How Mathematicians Make Breakthroughs
454,2015-02-20T22:18:28.000Z,2,esheavyindustries.com,Does it really need to be a new project?
455,2015-02-20T22:19:36.000Z,1,coindispenser.com,Chawly Changer: small device to hold $1.34 in coins
456,2015-02-20T22:19:38.000Z,2,storyofstuff.org,Story of Stuff
457,2015-02-20T22:21:30.000Z,4,techcrunch.com,Google launches Security scanner
458,2015-02-20T22:23:20.000Z,1,gizmodo.com,The Father of the Internet Has a Plan to Future-Proof Computers
459,2015-02-20T22:25:29.000Z,1,theguardian.com,Randomly generated tweet by bot prompts investigation by Dutch police
460,2015-02-20T22:26:28.000Z,3,developer.ubuntu.com,Ubuntu Phone porting guide
461,2015-02-20T22:26:55.000Z,1,going.green,New gTLD .green launched
462,2015-02-20T22:27:06.000Z,1,krugman.blogs.nytimes.com,The Long Cryptocon (2014)
463,2015-02-20T22:29:05.000Z,1,npoex.green,NPOEx.green ?ÛÒ color-coding causes step towards stock exchange for non-profits
464,2015-02-20T22:29:18.000Z,1,blog.kaspersky.com,Desert Falcons: The Middle East?Ûªs Preeminent APT
465,2015-02-20T22:31:27.000Z,1,overcomingbias.com,Financing Starships (2013)
466,2015-02-20T22:32:20.000Z,1,programmingpraxis.com,Morris Counting
467,2015-02-20T22:33:35.000Z,4,arstechnica.com,Photographer sued by patent troll for ?ÛÏOnline Contests?Û?
468,2015-02-20T22:36:08.000Z,6,mashable.com,Android malware spies on you even after phone is shut down
469,2015-02-20T22:39:08.000Z,1,draftapp.com,Features That Set Draft Apart
470,2015-02-20T22:39:10.000Z,59,,Ask HN: Would the job postings be better with comments?
471,2015-02-20T22:40:45.000Z,2,nytimes.com,?Û÷Why Not Us Women??Ûª
472,2015-02-20T22:42:26.000Z,3,medium.com,Starting Up Security
473,2015-02-20T22:45:35.000Z,1,blogs.msdn.com,Dancing the night away with Kinect v2
474,2015-02-20T22:46:55.000Z,75,fontfeed.com,Google Webfonts the Spy Inside?
475,2015-02-20T22:47:31.000Z,2,forbes.com,5 Things Chinese New Year Reveals About the World's Most Vibrant Economy
476,2015-02-20T22:49:11.000Z,5,stewd.io,Airborne
477,2015-02-20T22:53:45.000Z,1,strategicstudiesinstitute.army.mil,Lying to Ourselves: Dishonesty in the Army Profession
478,2015-02-20T22:55:27.000Z,1,,Post-oculus idea ?ÛÒ use magnetic fluid inside inner ear to simulate acceleration
479,2015-02-20T22:58:47.000Z,1,techcrunch.com,Viv built by Siri's creators is an AI tech that can teach itself
480,2015-02-20T23:01:09.000Z,1,techcrunch.com,Viv Built by Siri?Ûªs Creators Scores $12.5M for AI That Can Teach Itself
481,2015-02-20T23:01:32.000Z,1,chronicle.com,Stalin: The Tyrant as Editor
482,2015-02-20T23:04:38.000Z,1,wired.com,Pixar and Google Employees Are Vaccinating Their Kids Say Pixar and Google
483,2015-02-20T23:06:51.000Z,8,developers.corvisa.com,Voice application code challenge ?ÛÒ $2500 cash
484,2015-02-20T23:06:56.000Z,1,weather.com,The Science Behind Naming Winter Storms at the Weather Channel
485,2015-02-20T23:10:17.000Z,8,infoworld.com,Node.js fork JXcore goes open source aims for mobile developers
486,2015-02-20T23:10:25.000Z,2,squeezefile.com,SqueezeMail MS Outlook addin
487,2015-02-20T23:10:52.000Z,1,techtimes.com,How Tropical Fire Ants Traveled the World in the 16th Century
488,2015-02-20T23:10:55.000Z,99,codingthewheel.com,StackOverflow Considered Harmful?
489,2015-02-20T23:14:54.000Z,1,nytimes.com,Dropcam Keeps an Eye on the Neighborhood
490,2015-02-20T23:15:25.000Z,2,indiegogo.com,A year without God
491,2015-02-20T23:15:33.000Z,1,,Creating a resilient web business
492,2015-02-20T23:16:37.000Z,1,stratechery.com,Redmond and Reality
493,2015-02-20T23:18:54.000Z,8,bloomberg.com,Microsoft CEO Satya Nadella Looks to a Future Beyond Windows
494,2015-02-20T23:19:10.000Z,1,techtimes.com,New Species of Seadragon Discovered Off Australian Coast
495,2015-02-20T23:21:04.000Z,1,newscientist.com,Glassed-in DNA makes the ultimate time capsule
496,2015-02-20T23:21:30.000Z,1,,Ask HN: Is there an appthat can server render to SVG controlled via browser?
497,2015-02-20T23:23:24.000Z,12,programmar.io,Programmar Beta
498,2015-02-20T23:24:15.000Z,4,nytimes.com,The Reality of Quantum Weirdness
499,2015-02-20T23:24:28.000Z,2,linkedin.com,The Importance of Observing Behaviour ?ÛÒ Davinder C. Singh
500,2015-02-20T23:26:01.000Z,1,,Ask HN: UK Alternative to Delaware C Corp and Clerky
501,2015-02-20T23:28:40.000Z,2,,Ask HN: What's the best Cordova-compatible hot code push system besides Meteor?
502,2015-02-20T23:29:35.000Z,1,blog.spoxr.com,My First Meeting at Toronto's MaRS Venture Services
503,2015-02-20T23:30:18.000Z,2,bitcoinbuilder.com,BitcoinBuilder offers to buy your goxBTC for 0.11 BTC
504,2015-02-20T23:32:11.000Z,2,mail-index.netbsd.org,Tech-security: How to determine if a sequence of 200 heads/tails is random | not
505,2015-02-20T23:33:45.000Z,1,leto.electropoiesis.org,The Different Types of Open
506,2015-02-20T23:40:06.000Z,1,linuxcommando.blogspot.com,What to do next after spinning up a Debian VPS
507,2015-02-20T23:40:51.000Z,1,wired.com,Toshiba's Chromebook for $330
508,2015-02-20T23:41:32.000Z,1,dribbble.com,It's the Final Dribbble
509,2015-02-20T23:43:08.000Z,103,gateway.ipfs.io,IPFS Alpha Demo ?ÛÒ Distributed Web
510,2015-02-20T23:43:20.000Z,1,leadership-bootcamp.kickoffpages.com,3-Day Startup Leadership Bootcamp
511,2015-02-20T23:43:53.000Z,1,priceonomics.com,What Is Google?Ûªs Market Share for Search?
512,2015-02-20T23:44:14.000Z,1,pando.com,Meet FounderDating Discuss: a Q&A platform for entrepreneurs by entrepreneurs
513,2015-02-20T23:47:13.000Z,5,gohighbrow.com,Free Email Course ?ÛÏThe Basics of Growth Hacking and User Acquisition?Û?
514,2015-02-20T23:47:29.000Z,2,threatexchange.fb.com,ThreatExchange
515,2015-02-20T23:48:37.000Z,1,newyorker.com,In Cold Blood: The Last to See Them Alive
516,2015-02-20T23:51:09.000Z,1,buytaert.net,Dries Buytaert: Making-drupal-8-fly
517,2015-02-20T23:51:26.000Z,58,medium.com,The Last of the Typewriter Men
518,2015-02-20T23:54:38.000Z,2,twitchcon.com,TwitchCon
519,2015-02-20T23:55:32.000Z,3,firstlook.org,European Lawmakers Demand Answers on Phone Key Theft
520,2015-02-20T23:56:04.000Z,11,twitter.com,Microsoft invokes nuclear option on Superfish
521,2015-02-20T23:57:18.000Z,2,outsideonline.com,A Liar Standing Next to a Hole in the Ground: Gold Mining in Arizona
522,2015-02-20T23:58:15.000Z,1,rollingstone.com,The White Devil Kingpin: How John Willis Became a Chinatown Overlord
523,2015-02-20T23:58:22.000Z,2,knightscope.com,Knightscope K5 ?ÛÒ MaaS $6.25/hr security robot
524,2015-02-20T23:59:27.000Z,1,telegraph.co.uk,Britons can now buy Dell computers with Bitcoin
525,2015-02-21T00:02:40.000Z,107,techcrunch.com,Rescue Forensics (YC W15) Helps Law Enforcement Find Victims of Sex Trafficking
526,2015-02-21T00:05:38.000Z,2,suprsede.com,Show HN: Suprsede ?ÛÒ Embed realtime chat into your website
527,2015-02-21T00:08:04.000Z,1,fusion.net,Tech Behind Bars
528,2015-02-21T00:08:34.000Z,51,courses.platzi.com,?ÛÏStartup Advice?Û? a live class by Sam Altman tomorrow (2/21) 1:00pm PT
529,2015-02-21T00:08:56.000Z,3,gizmodo.com,This Laptop with a Mechanical Keyboard Is Delightfully Crazy
530,2015-02-21T00:09:36.000Z,13,bbc.com,Fire rips through Dubai skyscraper
531,2015-02-21T00:09:45.000Z,2,espn.go.com,A Life on the Line: How Billy Walters Became Sports' Most Successful Bettor
532,2015-02-21T00:11:27.000Z,8,vanityfair.com,Darkness Visible (1989)
533,2015-02-21T00:17:47.000Z,2,nymag.com,What Happens When Rich People Marry Poor People
534,2015-02-21T00:18:13.000Z,105,insightfulinteraction.com,World's Top Arms Exporters Visualized
535,2015-02-21T00:20:55.000Z,1,washingtonpost.com,To Shill a Mockingbird: How a manuscript discovery became Harper Lee?Ûªs new novel
536,2015-02-21T00:24:06.000Z,2,plan9.bell-labs.com,Alternative window system (Plan 9 wiki)
537,2015-02-21T00:24:26.000Z,4,plan9.bell-labs.com,GSoC-2015-ideas (Plan 9 wiki)
538,2015-02-21T00:25:40.000Z,3,slate.com,I Am an Audiophile and I Won?Ûªt Apologize for It
539,2015-02-21T00:27:33.000Z,4,linuxveda.com,Your SIM card is probably hacked by NSA and colonial cousin GCHQ
540,2015-02-21T00:31:01.000Z,3,washingtonpost.com,The flawed ?Û÷science?Ûª of bite mark analysis
541,2015-02-21T00:37:16.000Z,2,en.wikipedia.org,Virtual reality sickness
542,2015-02-21T00:39:52.000Z,4,neat.io,Bee: Issues App for GitHub Jira and More
543,2015-02-21T00:56:51.000Z,263,facebook.com,Windows SSL Interception Gone Wild
544,2015-02-21T00:59:30.000Z,3,github.com,React Native source
545,2015-02-21T01:05:36.000Z,22,collectorsweekly.com,Capturing a Generation of Aviation Geniuses and Their Flying Machines
546,2015-02-21T01:08:12.000Z,3,nodeschool.io,NodeSchool International Day
547,2015-02-21T01:10:29.000Z,7,,Running a recipe website traffic seem promising?
548,2015-02-21T01:11:33.000Z,3,smartwatch.me,Leaked Photos of New Pebble Color
549,2015-02-21T01:19:22.000Z,4,arstechnica.com,Time Warner Cable calls customer ?ÛÏC**t?Û? after she reports cable box problem
550,2015-02-21T01:21:07.000Z,2,linkedin.com,A Lesson on Growth Hacking from Plummet Free Fall
551,2015-02-21T01:24:18.000Z,7,ryanbrink.com,Be a better more efficient leader: stop lying
552,2015-02-21T01:28:23.000Z,3,typeocaml.com,Functional Pearl No.2 ?ÛÒ The Max Number of Surpassers
553,2015-02-21T01:29:46.000Z,10,thebeaker.org,How Rectal Thermometers and Antarctic Excursions Gave Us ?ÛÏWind Chill?Û?
554,2015-02-21T01:29:53.000Z,4,techcrunch.com,Lenovo Releases Tool to Remove SuperFish
555,2015-02-21T01:29:55.000Z,5,youtube.com,Learn Lua in One Hour
556,2015-02-21T01:38:02.000Z,102,github.com,Lenovo's SuperFish Removal Tool on GitHub
557,2015-02-21T01:47:11.000Z,2,ideatoappbook.com,Free iOS Designing Sketch Paper
558,2015-02-21T01:49:16.000Z,11,superfished.com,Quick Guide to Lenovo's Superfish Adware
559,2015-02-21T01:51:37.000Z,4,restlet.com,GRIP real-time API protocol needed?
560,2015-02-21T01:55:57.000Z,2,github.com,Lenovo's Superfish Removal Tool Source Code
561,2015-02-21T01:59:52.000Z,117,medium.com,DIY: kernel panic OS X and iOS in 10 LOC
562,2015-02-21T02:05:25.000Z,21,thenextweb.com,Superfish CEO admits to installing root certificate to show ads on secure sites
563,2015-02-21T02:10:17.000Z,2,code-experience.com,Async requests with React.js and Flux revisited
564,2015-02-21T02:11:54.000Z,3,academia.edu,Misplaced: Ethics and the Photographs of Vivian Maier
565,2015-02-21T02:21:02.000Z,2,linuxveda.com,SUSE brings its own Open Source storage solution
566,2015-02-21T02:21:21.000Z,10,benstopford.com,Log Structured Merge Trees
567,2015-02-21T02:21:41.000Z,8,sputniknews.com,?Û÷Redditors' Reportedly Leaving Site Over Free Speech Concerns
568,2015-02-21T02:33:40.000Z,5,blog.elsdoerfer.name,React.js Flux Om: I am trying to think it through
569,2015-02-21T02:34:17.000Z,3,us-cert.gov,Homeland Security: Lenovo Superfish Adware Vulnerable to HTTPS Spoofing
570,2015-02-21T02:35:05.000Z,2,raisingyourgeek.com,Raising Your Geek
571,2015-02-21T02:48:10.000Z,7,vub.ac.be,Application of quantum statistics in psychological studies of decision processes [pdf]
572,2015-02-21T02:48:12.000Z,17,,Crapware ?ÛÒ Satya Nadella needs to sort this crap out. It's not good for Windows.
573,2015-02-21T02:49:51.000Z,118,openculture.com,What Books Could Be Used to Rebuild Civilization?
574,2015-02-21T02:55:38.000Z,3,latimes.com,Cholesterol is back on the menu in new federal dietary guidelines
575,2015-02-21T02:57:03.000Z,5,fortune.com,The death of Austin Ventures
576,2015-02-21T03:13:13.000Z,85,github.com,Rust-media a portable media player framework for Rust
577,2015-02-21T03:14:52.000Z,4,,Anyone else see Google Apps/Gmail autocomplete contacts reordered?
578,2015-02-21T03:17:14.000Z,2,motherboard.vice.com,Hunter Moore Is Going to Jail but Not for Revenge Porn
579,2015-02-21T03:17:30.000Z,5,motherboard.vice.com,The Company Suing Apple Made Batteries for a Crappy Tesla Knockoff
580,2015-02-21T03:18:22.000Z,131,vogue.com,Sarah Harrison the WikiLeaks Editor Who Helped Hide Edward Snowden
581,2015-02-21T03:22:03.000Z,5,philosophicalhacker.com,Why Ayn Rand?Ûªs Psychology Is Probably Wrong (or Trivial)
582,2015-02-21T03:24:55.000Z,3,developedbytom.com,Context Sensitve WordPress Configs
583,2015-02-21T03:27:17.000Z,5,io9.com,How Much Longer Before Companies Start to Run Themselves?
584,2015-02-21T03:41:47.000Z,3,crowdfundinsider.com,Crowdfunding on TV Mailbird Among the 8 Finalists on Startup Show
585,2015-02-21T03:42:25.000Z,2,fostr.com,Fostr: Share the Creative Projects You've Always Wanted to Finish
586,2015-02-21T03:55:08.000Z,4,amiga-news.de,Cloanto confirms transfers of Commodore/Amiga copyrights
587,2015-02-21T03:56:26.000Z,3,failswitch.com,Show HN: Failswitch ?ÛÒ never worry about downtime again
588,2015-02-21T03:57:34.000Z,3,forbes.com,FDA lets 23andMe market genetic tests to consumers reversing previous decision
589,2015-02-21T03:57:44.000Z,3,bbc.com,How to spot a Russian bomber
590,2015-02-21T03:58:52.000Z,63,tomtunguz.com,The Rising Costs of Scaling a Startup in San Francisco
591,2015-02-21T04:00:16.000Z,87,symantec.com,Gogo Inflight Internet is Intentionally Issuing Fake SSL Certificates
592,2015-02-21T04:04:41.000Z,5,github.com,Show HN: Websockets proxy server written in haskell
593,2015-02-21T04:07:09.000Z,3,,Pair natives to teach each other language use data to train algorithms?
594,2015-02-21T04:09:20.000Z,4,washingtonpost.com,What ?Û÷The Imitation Game?Ûª didn?Ûªt tell you about Alan Turing?Ûªs greatest triumph
595,2015-02-21T04:09:28.000Z,3,jaxenter.com,What happens to programmers when they get old?
596,2015-02-21T04:14:45.000Z,46,blogs.wsj.com,How Latest Snowden Leak Is Headache for White House
597,2015-02-21T04:17:20.000Z,4,popsci.com,China Flies Its Largest Ever Drone: The Divine Eagle
598,2015-02-21T04:30:02.000Z,7,pcworld.com,How Intel and PC makers prevent you from modifying your laptop's firmware
599,2015-02-21T04:31:13.000Z,2,blog.flux7.com,If You Think Hiring an Expert Is Expensive Wait Until You Do It Wrong
600,2015-02-21T04:48:52.000Z,1,dotsies.org,Dotsies: a font that uses dots instead of letters
601,2015-02-21T05:06:48.000Z,4,sundeepgupta.ca,Making sure you get paid by your clients
602,2015-02-21T05:09:17.000Z,5,insightfulinteraction.com,World's Top Arms Importers Visualized
603,2015-02-21T05:10:24.000Z,4,nytimes.com,Did the Torture Report Give the C.I.A. A Bum Rap?
604,2015-02-21T05:20:22.000Z,4,arstechnica.com,Cable TV is speeding up its shows slightly to show you more ads
605,2015-02-21T05:23:46.000Z,2,producthunt.com,Limelight on Product Hunt
606,2015-02-21T05:28:47.000Z,26,hackerrank.com,The Zenhacks Challenge
607,2015-02-21T05:30:21.000Z,4,fourhourworkweek.com,From Dot-Com Zero to Hero: One Man?Ûªs Story (Reddit Co-Founder Story)
608,2015-02-21T05:31:27.000Z,9,en.wikipedia.org,The Emu War
609,2015-02-21T05:42:32.000Z,4,gamasutra.com,Finally some details about what Magic Leap actually is
610,2015-02-21T05:51:59.000Z,129,blog.erratasec.com,Exploiting the Superfish certificate
611,2015-02-21T05:52:44.000Z,4,superpedestrian.com,The Copenhagen Wheel transforms your bicycle into a smart electric hybrid
612,2015-02-21T06:05:46.000Z,4,blog.pickcrew.com,The growth hacking myth: Why we all need to slow down ?ÛÒ Crew Blog
613,2015-02-21T06:09:40.000Z,35,rude.vc,How LINE is turning Instagram into an ecommerce app in Thailand
614,2015-02-21T06:15:28.000Z,4,blog.salsitasoft.com,Why We Don't Do Fixed-Price Software Projects (And Neither Should You)
615,2015-02-21T06:28:18.000Z,4,motherboard.vice.com,Mice Get Freakishly Large Brains Thanks to Human DNA
616,2015-02-21T06:29:24.000Z,4,philipotoole.com,Code Reviews Still Rule
617,2015-02-21T06:34:02.000Z,10,baweaver.com,The World Is a Functional Program
618,2015-02-21T06:36:56.000Z,2,nilssmithsolutions.com,The EConnect Conference Is Back
619,2015-02-21T06:50:15.000Z,2,paraschopra.com,How increased automation could lead to a happier and more egalitarian society
620,2015-02-21T07:21:20.000Z,26,github.com,ObjectiveSync ?ÛÒ A thin Java object persistence layer for JDBC
621,2015-02-21T07:21:21.000Z,2,docker.party,Docker's Second Birthday: Open-Source-a-thon
622,2015-02-21T07:36:33.000Z,5,biospace.com,23andMe Wins FDA Approval for First Genetic Test Kit
623,2015-02-21T07:48:35.000Z,8,theverge.com,Microsoft has updated Windows Defender to root out the Superfish adware
624,2015-02-21T07:50:48.000Z,172,oliverelliott.org,An Introduction to Unix (2014)
625,2015-02-21T07:51:52.000Z,2,nordicstartupbits.com,Nordic Co-Working Spaces: SUP46
626,2015-02-21T07:56:49.000Z,2,,Try my new Quote iPhone App
627,2015-02-21T08:05:03.000Z,14,common-form.com,Why Do People Try So Hard to Avoid Paying Taxes?
628,2015-02-21T08:07:54.000Z,3,technologyreview.com,Magic Leap
629,2015-02-21T08:14:44.000Z,2,ruarai.me,A Map of Melbourne from 1966 + Current Google Maps
630,2015-02-21T08:15:15.000Z,4,github.com,MotionKit ?ÛÒ Get sensor Data in iOS with just a two or a few lines of code
631,2015-02-21T08:18:15.000Z,3,github.com,Chess written in Bash
632,2015-02-21T08:31:13.000Z,53,techcrunch.com,Viv Built by Siri?Ûªs Creators Scores $12.5M for an AI Technology
633,2015-02-21T08:44:54.000Z,3,thewhatnoise.com,We are all click-baiters
634,2015-02-21T08:55:54.000Z,4,flowtype.org,Flow (JS type-checker by Facebook) no longer requires special language syntax
635,2015-02-21T09:01:17.000Z,3,fastcompany.com,Can Ello Finally Explain Its Existence?
636,2015-02-21T09:19:51.000Z,7,islisp.info,The ISLisp programming language
637,2015-02-21T09:25:50.000Z,2,dart.email,The killer app for the apple watch?
638,2015-02-21T09:30:28.000Z,28,zohaib.me,Elixir Cowboy with IIS 8
639,2015-02-21T09:32:00.000Z,18,en.wikipedia.org,List of authoritarian regimes supported by the United States
640,2015-02-21T09:35:32.000Z,58,go.godbolt.org,Interactive Go source to assembly
641,2015-02-21T09:38:36.000Z,2,,Ask HN: Remove and reinsert the SSD in Thinkpad T500 continues to run
642,2015-02-21T09:41:16.000Z,2,thedevline.com,Expose your self by making your professional profile in LinkedIn and tech.pro
643,2015-02-21T09:49:16.000Z,5,medium.com,It Would Be Weird If Apple *Wasn?Ûªt* Working on a Car
644,2015-02-21T09:54:56.000Z,2,amazon.com,Morphing: A Guide to Mathematical Transformations for Architects and Designers
645,2015-02-21T09:57:10.000Z,3,github.com,Show HN: RPC with plain Java interfaces over MQTT
646,2015-02-21T10:07:59.000Z,2,davidwalsh.name,Font Smoothing in Webkit and Firefox
647,2015-02-21T10:10:00.000Z,3,usablica.github.io,Intro.js: a guided tour for your webapp
648,2015-02-21T10:15:44.000Z,3,gamasutra.com,The History of Civilization (2007)
649,2015-02-21T10:29:19.000Z,2,facebook.com,Windows SSL Interception Gone Wild
650,2015-02-21T10:46:29.000Z,19,mobile.nytimes.com,The Reality of Quantum Weirdness
651,2015-02-21T10:53:34.000Z,2,spiegel.de,News Lab: Jeff Bezos Takes Washington Post into Digital Future
652,2015-02-21T10:59:13.000Z,3,calculla.com,Calculla: 50+ calculators done and growing
653,2015-02-21T11:04:19.000Z,4,economist.com,Established carmakers not tech firms will build the vehicles of the future
654,2015-02-21T11:06:42.000Z,2,gateway.ipfs.io,IPFS announced it's alpha version
655,2015-02-21T11:10:10.000Z,4,zencard.pl,Secure and automatic customer retention based on payments transactions
656,2015-02-21T11:12:51.000Z,2,medium.com,4 Steps to Giving Better Feedback
657,2015-02-21T11:25:54.000Z,7,,Ask HN: Why is learning to code difficult?
658,2015-02-21T11:35:15.000Z,3,sourceware.org,GDB 7.9 released
659,2015-02-21T11:38:12.000Z,4,kishanbagaria.com,Show HN: SmartCapsLock
660,2015-02-21T11:39:12.000Z,2,mantherapy.org,Man Therapy
661,2015-02-21T12:03:53.000Z,64,washingtonpost.com,How 25 years of Photoshop changed the way we see reality
662,2015-02-21T12:09:22.000Z,2,dogood.to,What good have you done today?
663,2015-02-21T12:13:41.000Z,1,vimeo.com,[Watch me code video] Coding the Corsair23 Project Part 2
664,2015-02-21T12:16:37.000Z,5,acfaruk.com,Show HN: Mandelbrot Explorer
665,2015-02-21T12:17:02.000Z,145,meowni.ca,Contributing to Chromium: An Illustrated Guide
666,2015-02-21T12:17:49.000Z,8,,Ask HN: Is hacker news unfair?
667,2015-02-21T12:26:54.000Z,2,spring.io,Spring Framework 4.1.5 released
668,2015-02-21T12:36:12.000Z,1,appserver.io,Wow Next-Generation Infrastructure APPSERVER is out with mind-boggling features
669,2015-02-21T12:38:14.000Z,3,hanselman.com,Changing perspectives on your job ?ÛÒ Will you renew your boss for another season?
670,2015-02-21T12:39:02.000Z,2,react-native.org,React Native Nation: Discuss and Learn React Native
671,2015-02-21T12:45:04.000Z,3,phptoday.org,PhpToday ?ÛÒ Daily php news
672,2015-02-21T12:50:35.000Z,1,github.com,Games in Vim: Sudoku Tetris and Sokoban
673,2015-02-21T12:59:32.000Z,3,casajasmina.arduino.cc,Casa Jasmina ?ÛÒ The open source connected apartment
674,2015-02-21T12:59:42.000Z,183,iarc.fr,Most types of cancer not due to ?ÛÏbad luck?Û? [pdf]
675,2015-02-21T13:02:35.000Z,3,infoq.com,How to Make JavaScript and the Web a Good Compilation Target
676,2015-02-21T13:11:49.000Z,37,github.com,A list of videos devoted to JavaScript
677,2015-02-21T13:15:41.000Z,5,howtoflyahorse.com,Without technology you'd be dead in days
678,2015-02-21T13:16:47.000Z,2,asserttrue.blogspot.com,Does EVERY kid need to learn to code?
679,2015-02-21T13:20:00.000Z,46,github.com,Clasp ?ÛÒ Lisp on LLVM
680,2015-02-21T13:23:23.000Z,1,minutebutterfly.com,Clean Code
681,2015-02-21T13:32:06.000Z,2,blog.xiol.co.uk,Configuration Management Sucks
682,2015-02-21T13:33:15.000Z,18,react-native.org,React Native State of the Union
683,2015-02-21T13:38:27.000Z,16,giorgiosancristoforo.net,Making music with the Altair 8800
684,2015-02-21T13:46:54.000Z,2,aitabjamast.ee,Small game to promote Estonian e-elections
685,2015-02-21T13:49:08.000Z,3,zutesipdialer.com,Show HN: Zute SIP Dialer ?ÛÒ Advanced VoIP Tunneling SIP Dialer
686,2015-02-21T13:50:03.000Z,5,wired.com,Etsy-not good for crafters
687,2015-02-21T13:50:47.000Z,7,thelocal.se,'Racist' bird names banned by Sweden
688,2015-02-21T13:53:42.000Z,35,femalefoundersconference.org,Female Founders Conference today at 1pm PT
689,2015-02-21T13:54:29.000Z,7,nytimes.com,Can amateur journalism bring justice to Rio's favelas?
690,2015-02-21T13:56:41.000Z,5,drdobbs.com,A Conversation with John Knoll (1998)
691,2015-02-21T14:04:03.000Z,2,github.com,Simple Bash linting tool
692,2015-02-21T14:06:48.000Z,3,venturebeat.com,Stripe launches Bitcoin support
693,2015-02-21T14:08:33.000Z,5,github.com,Show HN: Girl: Check your GitHub READMEs for broken links
694,2015-02-21T14:12:13.000Z,2,lauder.wharton.upenn.edu,2014 Global Go to Think Tank Index Report [pdf]
695,2015-02-21T14:16:00.000Z,4,arstechnica.com,SIM card makers hacked by NSA and GCHQ
696,2015-02-21T14:18:24.000Z,104,developer.apple.com,Mac Apps That Use Garbage Collection Must Move to ARC
697,2015-02-21T14:28:24.000Z,4,symmetrymagazine.org,Citizen scientists dive into particle physics and astrophysics research
698,2015-02-21T14:29:03.000Z,3,rt.com,ISIS using BitCoin to raise funds in the US
699,2015-02-21T14:33:04.000Z,2,,How can i get informations from a code
700,2015-02-21T14:34:38.000Z,6,research.microsoft.com,Computer Security in the Real World (2004)
701,2015-02-21T14:41:00.000Z,2,reuters.com,Hack gave U.S. and British spies access to billions of phones
702,2015-02-21T14:41:22.000Z,2,terraaustralis.herokuapp.com,Show HN: Australia Quiz (Sound)
703,2015-02-21T14:43:25.000Z,1,youtube.com,Barak Weichselbaum Komodia SSL Redirector founder tells his story
704,2015-02-21T14:45:05.000Z,3,cricketanalytics.io,Cricket Analytics ?ÛÒ Dynamic and Fast way to get cricket statistics exploration
705,2015-02-21T14:45:12.000Z,4,theguardian.com,The charity making video games available for all
706,2015-02-21T14:46:20.000Z,128,nautil.us,We Might First Find Life on Tidally Locked Planets
707,2015-02-21T14:47:18.000Z,46,theguardian.com,The British amateur who debunked the mathematics of happiness (2014)
708,2015-02-21T14:51:01.000Z,2,shakesville.com,The Falsest of False Equivalencies
709,2015-02-21T14:53:22.000Z,4,plushforums.com,Show HN: A modern real-time forum platform for humans running on HHVM
710,2015-02-21T14:55:27.000Z,2,news.vice.com,The Soviet Union Dumped a Bunch of Nuclear Submarines and Reactors in Ocean
711,2015-02-21T14:56:09.000Z,4,medium.com,How Photography Bridged the Autism Gap Between Father and Son
712,2015-02-21T15:02:36.000Z,61,kurzweilai.net,An ingredient in olive oil that appears to kill cancer cells
713,2015-02-21T15:05:54.000Z,9,theatlantic.com,The Story of George Van Tassel?Ûªs Integratron
714,2015-02-21T15:07:43.000Z,101,theguardian.com,The Internet Shaming of Lindsey Stone
715,2015-02-21T15:08:08.000Z,2,thepirateboat.org,New Q&A Website for Hackers
716,2015-02-21T15:16:58.000Z,136,,Ask HN: How do I start with test driven development?
717,2015-02-21T15:21:31.000Z,3,theverge.com,Lenovo has just released an automatic Superfish removal tool
718,2015-02-21T15:22:19.000Z,2,,IT DEVELOPERS WANTED! New Venture - Berlin.
719,2015-02-21T15:35:44.000Z,125,,Google undeleted whocalled.us after a front page article on Hacker News
720,2015-02-21T15:36:10.000Z,1,notospy.com,Any hashtag is an instant chat room on this network
721,2015-02-21T15:45:22.000Z,15,chemheritage.org,Mummies and the Usefulness of Dead Bodies
722,2015-02-21T15:49:50.000Z,1,facebook.com,Crowdfunding pitch to media ?ÛÒ an example
723,2015-02-21T15:49:59.000Z,3,psychologytoday.com,Meet Your Happy Chemicals [pdf]
724,2015-02-21T15:50:46.000Z,2,,Ask HN: Is there a tool to check the installed certificates on my computer?
725,2015-02-21T15:52:58.000Z,1,dynamic-data.org,Dynamic data taking rx somewhere new
726,2015-02-21T15:53:30.000Z,1,blog.chron.com,Most Americans Wouldn't Take a Trip to Space Even If It Was Free
727,2015-02-21T15:55:51.000Z,4,insightfulinteraction.com,World's Top Arms Producers Visualized
728,2015-02-21T15:58:24.000Z,2,theguardian.com,Why Do Hawking Gates and Musk See Danger in AI + IoT?
729,2015-02-21T16:02:15.000Z,1,washingtonpost.com,Cheap and you get an education not a degree
730,2015-02-21T16:02:51.000Z,6,gohighbrow.com,Philosophical Ideas That Everyone Should Know
731,2015-02-21T16:05:26.000Z,7,github.com,BrainfuckJS ?ÛÒ Hide JavaScript behind &lt;|&gt; characters
732,2015-02-21T16:12:57.000Z,13,,Ask HN: Would you buy a Lenovo again after Superfish?
733,2015-02-21T16:16:58.000Z,1,conduct.me,Conduct saves time for musicians
734,2015-02-21T16:17:49.000Z,2,spin.atomicobject.com,Configuring a Git-Controlled Home Directory with Ansible
735,2015-02-21T16:20:02.000Z,1,mosquitto.org,Mosquitto[MQTT v3.1/v3.1.1 Broker] version 1.4 released with websocket support
736,2015-02-21T16:25:25.000Z,2,backed.io,Technology Across Generations
737,2015-02-21T16:26:32.000Z,2,arstechnica.com,New HPV vaccine is effective against 9 strains of the virus
738,2015-02-21T16:27:03.000Z,2,gist.github.com,Advise for teaching an R workshop
739,2015-02-21T16:30:50.000Z,147,github.com,GopherLua: VM and Compiler for Lua in Go
740,2015-02-21T16:31:29.000Z,1,trendschau.net,Imagine your browser becoming a content payment provider
741,2015-02-21T16:32:14.000Z,3,github.com,Show HN: Tuplecutter ?ÛÒ heads and tails for your Scala tuples
742,2015-02-21T16:39:53.000Z,1,gnippets.com,Gnippets: An auto-compiling library of code snippets
743,2015-02-21T16:42:05.000Z,3,medium.com,What?Ûªs with the 50/72 rule?
744,2015-02-21T16:43:47.000Z,14,remindem.in,Show HN: Remind'em gives you the power to set reminders in your friends?Ûª phones
745,2015-02-21T16:43:48.000Z,90,github.com,Gore: Yet another Go REPL that works nicely
746,2015-02-21T16:44:07.000Z,3,github.com,TurboRLE: Turbo Run Length Encoding
747,2015-02-21T16:44:33.000Z,10,twitter.com,Most high tech companies are founded by founded by First/2nd gen immigrants
748,2015-02-21T16:46:22.000Z,6,arstechnica.com,After iPad initiative failure school supe says LA can?Ûªt buy computers for all
749,2015-02-21T16:50:46.000Z,1,,Ask HN: What Are the Pros and Cons in Using Asguard?
750,2015-02-21T16:50:49.000Z,1,chinachange.org,Weibo is dying out
751,2015-02-21T16:56:25.000Z,34,heshamelmatary.blogspot.com,Thoughts on Supporting Rump Kernels on RTEMS
752,2015-02-21T17:00:00.000Z,6,,Ask HN: What are the benefits of a native desktop app vs. a web one?
753,2015-02-21T17:09:29.000Z,2,andreapaiola.name,Compact ed effective CSS animation loader
754,2015-02-21T17:10:53.000Z,6,nextgov.com,State Department Trashes 30000 Fobs After Hack
755,2015-02-21T17:12:45.000Z,55,calaos.fr,Calaos: Open Source Home Automation
756,2015-02-21T17:17:09.000Z,7,wired.com,Counterfeiting and the 3D Printing Revolution
757,2015-02-21T17:19:16.000Z,49,,Ask HN: Do you think software can be art?
758,2015-02-21T17:19:36.000Z,1,farnamstreetblog.com,Fooled by Randomness
759,2015-02-21T17:20:28.000Z,1,,Ask HN: What is design thinking?
760,2015-02-21T17:21:32.000Z,2,benjihyam.com,Distribution Tactics I used to go from 0 to 20000 Real Quick
761,2015-02-21T17:26:13.000Z,2,blog.peeja.com,Four ways to use React.js in ClojureScript
762,2015-02-21T17:26:37.000Z,1,oliverelliott.org,Basic Vim Commands Reference
763,2015-02-21T17:26:49.000Z,2,infoq.com,The Old New Old New Things (presentation better than title)
764,2015-02-21T17:27:53.000Z,5,thenextweb.com,HTTP/2 the first major change to HTTP in 16 years has been finalized
765,2015-02-21T17:32:38.000Z,3,motherboard.vice.com,Inside a Room Built for Total Silence
766,2015-02-21T17:32:58.000Z,3,motherboard.vice.com,What Parents Tell Their Kids When They Plan to Die on Mars
767,2015-02-21T17:34:36.000Z,2,stackoverflow.com,Git reset behavior
768,2015-02-21T17:37:19.000Z,3,medium.com,React.js: Facebook just taught us all how to build websites
769,2015-02-21T17:37:26.000Z,1,thisisbrians.svbtle.com,An Open Thank You Letter to Tim Ferriss (et al.)
770,2015-02-21T17:38:01.000Z,5,github.com,Show HN: Peach a file download cache for vagrant + https files
771,2015-02-21T17:39:20.000Z,2,awardstreet.com,Show HN: Award Street ?ÛÒ Oscar history movies/people and live notifications
772,2015-02-21T17:42:26.000Z,1,youtube.com,David Nolen: Refracting React.js [video]
773,2015-02-21T17:43:22.000Z,5,weblooper.hackandstack.com,Show HN: WebLooper a simple loop station powered by Web Audio and WebRTC
774,2015-02-21T17:43:31.000Z,1,nytimes.com,NYC Micro Apartments Being Built
775,2015-02-21T17:50:36.000Z,28,blog.getpatchmania.com,Playtesting Mobile Games at the DMV
776,2015-02-21T17:52:26.000Z,1,mlive.com,Detroit 'yarn-bombed' with knit hats and scarves
777,2015-02-21T17:56:06.000Z,1,farnamstreetblog.com,Two types of ignorance
778,2015-02-21T17:57:02.000Z,2,security.stackexchange.com,How to be sure laptop's trusted certificates are safe
779,2015-02-21T17:58:45.000Z,77,chronicle.com,Stalin: The Tyrant as Editor
780,2015-02-21T17:59:45.000Z,2,blog.cleancoder.com,The Mode B Imperative and Uncle Bob's PDP-8 Emulator For the iPad
781,2015-02-21T18:01:35.000Z,13,arstechnica.com,Why memes succeed
782,2015-02-21T18:11:26.000Z,5,theguardian.com,Yanis Varoufakis: How I became an erratic Marxist
783,2015-02-21T18:14:01.000Z,40,outsideonline.com,A Liar Standing Next to a Hole in the Ground: Gold Mining in Arizona
784,2015-02-21T18:15:15.000Z,31,washingtonpost.com,Obama said people want secure mobile communications but NSA undermined that
785,2015-02-21T18:16:47.000Z,94,jeffreifman.com,You Can Spend $750 in International Data Roaming in One Minute on AT&T
786,2015-02-21T18:17:15.000Z,1,blogs.wsj.com,Bill Gurley: FOMO in the ?Û÷Private IPO?Ûª Market Is Fueling Valuations
787,2015-02-21T18:21:26.000Z,1,ecorner.stanford.edu,John Collison: Putting Startup Success in Perspective [video]
788,2015-02-21T18:23:15.000Z,2,tonsky.me,Streams: Mail 3.0
789,2015-02-21T18:24:53.000Z,2,,Ask HN: Raising a smarter electorate ?ÛÒ How?
790,2015-02-21T18:25:13.000Z,120,theguardian.com,Inside the food industry
791,2015-02-21T18:25:42.000Z,1,theguardian.com,David Attenborough calls on Chinese president to end ivory trade
792,2015-02-21T18:25:53.000Z,5,,Average age accepted for YC??
793,2015-02-21T18:28:28.000Z,2,sfgate.com,A123 sues Apple says it poached battery engineers
794,2015-02-21T18:28:32.000Z,1,fiercepharma.com,HIV activists target Gilead for holding back on Truvada marketing
795,2015-02-21T18:35:59.000Z,1,,What are good philosophical books?
796,2015-02-21T18:42:30.000Z,80,acha-acha.co,Git Achievements
797,2015-02-21T18:43:46.000Z,21,math.uiuc.edu,Remarks on Expository Writing in Mathematics (2004) [pdf]
798,2015-02-21T18:44:21.000Z,11,en.wikipedia.org,Mbone ?ÛÒ Multicast over the Internet
799,2015-02-21T18:46:00.000Z,14,,Ask HN: What job offers most free time?
800,2015-02-21T18:46:35.000Z,2,jack.ofspades.com,Warnings are Errors #bestpractices
801,2015-02-21T18:48:22.000Z,1,time.com,What makes you 'click' with someone else?
802,2015-02-21T18:49:43.000Z,13,youtube.com,iRobot CEO Colin Angle on lessons learned and the future [video]
803,2015-02-21T18:55:23.000Z,4,hubba.com,Why Use Node.js? A Recap of Node Summit
804,2015-02-21T19:00:20.000Z,36,latimes.com,A loophole in immigration law is costing thousands of American jobs
805,2015-02-21T19:02:39.000Z,4,reddit.com,Is it time to develop some open source HDD firmware?
806,2015-02-21T19:04:35.000Z,1,dnainfo.com,Computers Not Weights Run Fitness Studio
807,2015-02-21T19:05:09.000Z,2,petapixel.com,Photo Websites Being Sued Over a Patent for Online Photo Contests
808,2015-02-21T19:07:28.000Z,1,ece.uwaterloo.ca,The VRML Dream Project
809,2015-02-21T19:08:04.000Z,116,,Ask HN: Founders what's your lifestyle like?
810,2015-02-21T19:10:57.000Z,1,arxiv.org,Statistical Problems in a Paper on Variation in Cancer Risk Among Tissues
811,2015-02-21T19:11:08.000Z,2,entrepreneur.com,The Companies That Apply for the Most Patents and Trademarks
812,2015-02-21T19:16:31.000Z,85,engadget.com,Jerry Lawson a self-taught engineer gave us video game cartridges
813,2015-02-21T19:18:15.000Z,102,,Ask HN: What to do when all you have is talent?
814,2015-02-21T19:19:03.000Z,2,recode.net,How Syrian Hackers Nearly Hijacked Wix by Way of Google Apps
815,2015-02-21T19:19:30.000Z,58,arstechnica.com,Accused British hacker wanted for crimes in US won?Ûªt give up crypto keys
816,2015-02-21T19:20:47.000Z,177,astropad.com,Astropad ?ÛÒ Transform your iPad into a professional graphics tablet
817,2015-02-21T19:21:33.000Z,11,wired.com,Designing Chairs That Assemble Themselves
818,2015-02-21T19:22:49.000Z,1,rohit.io,Devops Meetup  Knowlarity
819,2015-02-21T19:23:33.000Z,1,eurogamer.net,Reality Crumbles: Whatever Happened to VR? (2012)
820,2015-02-21T19:27:26.000Z,27,nytimes.com,In Service Sector No Rest for the Working
821,2015-02-21T19:29:45.000Z,1,infoworld.com,Untangling the intense politics behind Node.js
822,2015-02-21T19:38:54.000Z,2,techcrunch.com,Protect Your Smartphone from Government Spies with These Apps
823,2015-02-21T19:39:15.000Z,1,exchange.xforce.ibmcloud.com,IBM launched a X-Force Exchange portal
824,2015-02-21T19:42:21.000Z,7,sweden.identitytool.com,The ?Û÷Brand Sweden?Ûª typeface
825,2015-02-21T19:48:10.000Z,1,learntocodewith.me,Do you have what it takes to be a front end developer?
826,2015-02-21T19:48:42.000Z,3,devopschecklist.com,The DevOps Checklist
827,2015-02-21T19:49:07.000Z,1,github.com,Socket programming ?ÛÒ well commented examples
828,2015-02-21T19:50:15.000Z,2,sourceware.org,Python scripting into gdb
829,2015-02-21T19:50:17.000Z,1,mtr.website,Django import export package. Import action video. Test mixins tutorial
830,2015-02-21T19:54:34.000Z,1,medium.com,Can software be art?
831,2015-02-21T19:58:23.000Z,1,linkedinclassactionsettlement.com,LinkedIn User Privacy Litigation
832,2015-02-21T19:58:52.000Z,1,thedevline.com,How to Build PhoneGap Project with AndroidStudio in Using Gradle Build
833,2015-02-21T19:59:38.000Z,5,github.com,Show HN: As my first Haskell project I'm implementing Go
834,2015-02-21T20:02:14.000Z,1,chrome.google.com,Read web effectively with Conan reading progress and article stats bar
835,2015-02-21T20:04:28.000Z,57,,Ask HN: Is it too late to do a startup after 35?
836,2015-02-21T20:06:53.000Z,1,kappa-architecture.com,Kappa Architecture ?ÛÒ Where Everything Is a Stream
837,2015-02-21T20:20:20.000Z,1,stackoverflow.com,What is the ideal growth rate for a dynamically allocated array?
838,2015-02-21T20:21:16.000Z,3,,Ask HN: Who uses vmware over virtualbox for vagrant?
839,2015-02-21T20:24:26.000Z,267,blog.jessfraz.com,Docker containers on the desktop
840,2015-02-21T20:25:00.000Z,1,farnamstreetblog.com,Untangling Skill and Luck in Business Sports and Investing
841,2015-02-21T20:26:58.000Z,2,,Ask HN: Best equity splitting practices?
842,2015-02-21T20:30:38.000Z,1,angel.co,Ravti (YC S14) is hiring a mobile developer
843,2015-02-21T20:33:10.000Z,1,,Ask HN: Advice for terms and services for a small test idea including payments
844,2015-02-21T20:33:15.000Z,60,simblob.blogspot.com,Optimizing A* for grid maps
845,2015-02-21T20:33:17.000Z,4,medium.com,The democratization of the bond market
846,2015-02-21T20:33:53.000Z,6,nbviewer.ipython.org,Haskell and Cosmology
847,2015-02-21T20:34:26.000Z,26,courses.platzi.com,Y Combinator Startup Class ?ÛÒ Live with Sam Altman
848,2015-02-21T20:34:50.000Z,37,ballisticfinance.com,Show HN: Ballistic ?ÛÒ A Personal Finance Tracker
849,2015-02-21T20:37:06.000Z,1,github.com,Magical routes with React keep your routes DRY
850,2015-02-21T20:38:56.000Z,1,thetechblock.com,Quick Thoughts: Gold and Apple Watch
851,2015-02-21T20:40:13.000Z,1,forbes.com,Zuck & Friends Secret Billion Dollar Fund
852,2015-02-21T20:52:19.000Z,2,miriamyoung.com,Shock tax demand for half a million freelancers in Netherlands [pdf]
853,2015-02-21T20:53:35.000Z,1,builtinaustin.com,20 year old kid build ?ÛÏENIGMA?Û? the Worlds most Secure Encryption Service
854,2015-02-21T20:53:51.000Z,1,cl.cam.ac.uk,For and Against Languages
855,2015-02-21T20:54:58.000Z,2,,Ask HN: What new worthwhile ideas were outcompeted?
856,2015-02-21T21:00:23.000Z,2,plato.stanford.edu,Connectionism
857,2015-02-21T21:01:37.000Z,15,nytimes.com,Deeper Ties to Corporate Cash for a Doubtful Climate Scientist
858,2015-02-21T21:02:23.000Z,2,backed.io,How to Stream Movies for Free Online
859,2015-02-21T21:02:49.000Z,2,davidstockmanscontracorner.com,Tesla: Bonfire of the Money Printers?Ûª Vanities
860,2015-02-21T21:04:50.000Z,2,producthunt.com,Apps tools and resources for remote workers and distributed teams
861,2015-02-21T21:06:25.000Z,84,burrows.svbtle.com,Universal copy/paste in Linux
862,2015-02-21T21:07:38.000Z,2,farnamstreetblog.com,The Fragilista
863,2015-02-21T21:15:22.000Z,1,blogs.forward.com,Israel's Police Sexual Harassment Problem
864,2015-02-21T21:15:29.000Z,1,washingtonpost.com,The fake history ?ÛÒ and the real one ?ÛÒ behind the inventing of ?Û÷Monopoly?Ûª
865,2015-02-21T21:18:34.000Z,5,,Ask HN: What kind of jobs only work 40 hours a week?
866,2015-02-21T21:21:39.000Z,2,bbc.com,Dropbox founder Drew Houston explains his success (2014) [video]
867,2015-02-21T21:24:12.000Z,1,bitpi.co,Homemade Automatic Domain Tester with PhantomJS Part 1
868,2015-02-21T21:28:03.000Z,310,blog.attractmo.de,?ÛÏJust the Beginning of What We Can Do on Super Nintendo?Û?
869,2015-02-21T21:28:31.000Z,2,arxiv.org,Towards AI-Complete Question Answering: A Set of Prerequisite Toy Tasks [pdf]
870,2015-02-21T21:29:05.000Z,1,redorbit.com,Ancient and modern cities surprisingly similar
871,2015-02-21T21:31:35.000Z,1,scienceworldreport.com,Caribbean Corals Have a Newly Discovered Tool to Combat Climate Change
872,2015-02-21T21:31:42.000Z,1,vimeo.com,American Juggalo (Video Documentary)
873,2015-02-21T21:31:44.000Z,1,designhooks.com,Top web design trends and predictions for 2015
874,2015-02-21T21:31:53.000Z,26,pennenergy.com,Water in Oregon pipeline is tapped for electricity
875,2015-02-21T21:33:33.000Z,2,worldsciencefestival.com,How Far Are We from Teleportation?
876,2015-02-21T21:36:24.000Z,1,washingtonpost.com,Senator: Your futuristic car is putting your privacy and security at risk
877,2015-02-21T21:36:44.000Z,140,animagraffs.com,How a Handgun Works: 1911 .45
878,2015-02-21T21:37:11.000Z,1,theguardian.com,Top-secret military warning on Ebola biological weapon terror threat
879,2015-02-21T21:44:25.000Z,82,live.femalefoundersconference.org,Female Founders Conference ?ÛÒ Live Stream [video]
880,2015-02-21T21:44:40.000Z,132,bsago.me,Show HN: Exa a replacement for ls written in Rust
881,2015-02-21T21:44:42.000Z,4,,Ask HN: How do people get started in open source?
882,2015-02-21T21:47:31.000Z,1,livecode.com,LiveCode a modern day HyperCard (works on windows mac linux android and iOS)
883,2015-02-21T21:49:09.000Z,6,willschenk.com,Why engineers build crappy products
884,2015-02-21T21:53:50.000Z,9,jordan-wright.github.io,Web Scraping Hotel Prices for Fun and Savings
885,2015-02-21T22:00:24.000Z,6,theregister.co.uk,Hello Barbie: Hang on this Wi-Fi doll records your child's voice?
886,2015-02-21T22:09:00.000Z,3,cultstate.com,The Paradox of the Black Feminist Panda: Godel and Intersectionality
887,2015-02-21T22:09:57.000Z,1,gumroad.com,Design Elements Tradeoffs Cheatsheet
888,2015-02-21T22:12:09.000Z,1,medium.com,When You Fail?Û?  Two simple ideas to help you feel better
889,2015-02-21T22:17:26.000Z,1,,Chrome won't load archive.org
890,2015-02-21T22:22:59.000Z,1,,Ask HN: Entrepreneurs and software engrs  how do you come about new ideas?
891,2015-02-21T22:25:52.000Z,2,chrissaad.com,39+ Tips for Non-Technical Co-Founders in Silicon Valley
892,2015-02-21T22:30:05.000Z,1,revault.io,Revault ?ÛÒ The World's First Wearable Private Cloud
893,2015-02-21T22:31:57.000Z,1,marcozehe.de,Social networks and accessibility: A not so sad picture
894,2015-02-21T22:38:15.000Z,1,haiku-os.org,Be Engineering Insights: The BeOS Networking Environment
895,2015-02-21T22:41:43.000Z,1,aboveavalon.com,The Evolving Notification
896,2015-02-21T22:42:32.000Z,1,smashingmagazine.com,JavaScript Mistakes to Avoid with a Static Code Analyzer
897,2015-02-21T22:48:13.000Z,1,usgs.gov,Coping with Earthquakes Induced by Fluid Injection (Fracking)
898,2015-02-21T22:48:14.000Z,2,bitbucket.org,Show HN: A stack machine in 50 lines of F#
899,2015-02-21T22:53:18.000Z,2,savelink.co,SaveLink ?ÛÒ Cloud Bookmarks (Alpha)
900,2015-02-21T22:54:41.000Z,1,github.com,Even Simpler Bootstrap Form Validation ?ÛÒ Valid8
901,2015-02-21T22:55:52.000Z,45,github.com,Show HN: I built a web-based iMessage interface
902,2015-02-21T23:01:18.000Z,2,whatmighthavebeen.org,SF Bay Area: What Might Have Been
903,2015-02-21T23:01:25.000Z,3,,Ask HN: Freereliable SMTP service for sending emails from cron jobs in Mac OS X
904,2015-02-21T23:06:09.000Z,4,magazine.startus.cc,How to start a website project in less than 2 hours
905,2015-02-21T23:06:22.000Z,163,raganwald.com,Interviewing for a JavaScript Job
906,2015-02-21T23:06:31.000Z,12,,Ask HN: Why do Atom.io and Sublimetext include spyware?
907,2015-02-21T23:07:26.000Z,2,timleland.com,How I made Over $500 from my first Blog Post
908,2015-02-21T23:12:08.000Z,2,newsarchive.medill.northwestern.edu,Complete immersive VR model of Starship Enterprise (2012)
909,2015-02-21T23:18:36.000Z,3,slate.com,Lenovo Superfish: Why it?Ûªs one of the worst consumer computing screw-ups ever
910,2015-02-21T23:23:40.000Z,2,en.wikipedia.org,TCP sequence prediction attack
911,2015-02-21T23:27:55.000Z,1,rentabuild.com,Show HN: 3D Printers are expensive so we're renting them
912,2015-02-21T23:33:17.000Z,2,roadwarriorvoices.com,A San Francisco Uber driver is making $200K a year selling jewelry
913,2015-02-21T23:37:21.000Z,22,computerworld.com,So Cal Edison fires hundreds of IT employees and replaces them with H-1Bs
914,2015-02-21T23:40:22.000Z,1,jakubmarian.com,The True Size of Greenland and Russia Compared to Africa
915,2015-02-21T23:43:25.000Z,2,ra-lang.sourceforge.net,Ra
916,2015-02-21T23:43:29.000Z,6,spacedaily.com,The origin of the magnetic field covering the Sun has been discovered
917,2015-02-21T23:43:44.000Z,1,nbcnews.com,Think Special Operations Is No Place for a Scientist?  Send in the Weatherman
918,2015-02-21T23:44:02.000Z,2,motherboard.vice.com,Not Sure If You Got the Measles Vaccine? Here's What to Do
919,2015-02-21T23:46:19.000Z,1,dotnetfiddle.net,R Rated insult generator
920,2015-02-21T23:48:26.000Z,3,kai.subblue.com,The True Size of Africa
921,2015-02-22T00:03:15.000Z,1,techno-anthropology.blogspot.com,Fiat currency is not permissable for Muslims. Bitcoin is
922,2015-02-22T00:07:56.000Z,2,twitter.com,Proud to be married to a female founder
923,2015-02-22T00:08:27.000Z,87,latimes.com,As I lay dying: Final op-ed from LA Times journalist Laurie Beckland
924,2015-02-22T00:09:47.000Z,2,theatlantic.com,Minneapolis's White Lie
925,2015-02-22T00:13:45.000Z,2,medium.com,Bringing Much-Needed Sanity to the Vaccine Debate
926,2015-02-22T00:18:31.000Z,2,businessinsider.com,At 27 this guy quit a $500000 job at BlackBerry to launch a cool startup
927,2015-02-22T00:20:22.000Z,1,gameref.io,Game:Ref ?ÛÒ The world's first hardware anti-cheat device
928,2015-02-22T00:20:29.000Z,2,nytimes.com,At New York Private Schools Challenging White Privilege from the Inside
929,2015-02-22T00:23:30.000Z,1,npmjs.com,Show HN: Live-Edit JavaScript Modules in Chrome
930,2015-02-22T00:28:33.000Z,2,github.com,Intro to GLSL for 2D Games
931,2015-02-22T00:32:39.000Z,1,youtube.com,Shark Tank View on Venture Investing with Coffee Meets Bagel
932,2015-02-22T00:42:23.000Z,1,shruubi.com,Thoughts on ?ÛÏThe Good Parts?Û?
933,2015-02-22T00:43:24.000Z,2,medium.com,Show HN: Generative Impressionism
934,2015-02-22T00:56:36.000Z,7,vimeo.com,Show HN: Portia extract info from websites the easy way
935,2015-02-22T00:59:32.000Z,5,blog.codeeval.com,Most Popular Coding Languages of 2015
936,2015-02-22T01:00:19.000Z,6,cnet.com,Developer curses at man on subway meets him again in job interview
937,2015-02-22T01:08:07.000Z,1,,How can I reassure users that feedback they provide will be anonymous?
938,2015-02-22T01:08:39.000Z,3,youtube.com,Mastering the Pixel: 25 Years of Photoshop
939,2015-02-22T01:11:07.000Z,2,redbooks.ibm.com,Building Real-Time Mobile Solutions with MQTT
940,2015-02-22T01:11:15.000Z,1,symmetry50.com,The Top Etsy Stores
941,2015-02-22T01:13:55.000Z,13,twitter.com,No more 'undefined is not a function' messages in JavaScript
942,2015-02-22T01:16:48.000Z,1,rainbowstream.org,Rainbowstream ?ÛÒ A Terminal Twitter Client
943,2015-02-22T01:18:43.000Z,13,,Ask HN: What should I have accomplished before graduating with a BS in CS?
944,2015-02-22T01:21:39.000Z,2,phoronix.com,Xfce 4.12 Planned for Release in a Week
945,2015-02-22T01:21:46.000Z,3,,Bug or feature in Quora?
946,2015-02-22T01:29:23.000Z,1,medium.com,On marketing to designers
947,2015-02-22T01:34:07.000Z,1,languagelog.ldc.upenn.edu,Did Sarah Koenig exhibit more vocal fry in 2014 than in 2000?
948,2015-02-22T01:37:23.000Z,1,devashish.me,On being a workaholic
949,2015-02-22T01:37:55.000Z,1329,getmagicnow.com,Magic
950,2015-02-22T01:39:30.000Z,153,gist.github.com,Unix V5 OpenBSD Plan 9 FreeBSD and GNU Coreutils Implementations of Echo.c
951,2015-02-22T01:47:49.000Z,77,github.com,DataScript a Datomic-Inspired Data Structure for the Browser
952,2015-02-22T01:54:43.000Z,11,rob.conery.io,It?Ûªs Time to Get Over That Stored Procedure Aversion You Have
953,2015-02-22T01:59:27.000Z,3,lav.io,Show HN: Audiogrep ?ÛÒ automatic audio ?ÛÏsupercuts?Û? in python
954,2015-02-22T02:02:14.000Z,4,subuser.org,Subuser: Docker containers on the desktop the right way
955,2015-02-22T02:04:11.000Z,5,cnn.com,'Ghost Rider': B-52 resurrected from desert Boneyard
956,2015-02-22T02:05:30.000Z,2,proofs.wiki,Mathematical Proofs Wiki
957,2015-02-22T02:08:17.000Z,32,nytimes.com,Beekeeping at airports
958,2015-02-22T02:13:21.000Z,104,nytimes.com,An Engineer Creates for Fun After a Lifetime of Workaday Rules
959,2015-02-22T02:15:10.000Z,1,en.wikipedia.org,Fitts's law
960,2015-02-22T02:24:00.000Z,1,planspace.org,RStudio in a Web Browser
961,2015-02-22T02:35:33.000Z,2,brookings.edu,Not just a matter of degrees: Other pathways to STEM careers
962,2015-02-22T02:36:03.000Z,1,michaelochurch.wordpress.com,Java shop politics
963,2015-02-22T02:37:55.000Z,3,medium.com,The Rise of Algorithmic HR
964,2015-02-22T02:40:20.000Z,6,aflexsystem.com,How to create an admin control panel with Ruby on Rails in less than 9 minutes
965,2015-02-22T02:43:46.000Z,2,ije.oxfordjournals.org,Prostate cancer is omnipresent but should we screen for it? (2007)
966,2015-02-22T02:45:49.000Z,2,jut.io,The User Experience of Language Design
967,2015-02-22T03:02:12.000Z,1,,Show HN: Crushing Our Crowdfunding Campaign (The Love Game)
968,2015-02-22T03:04:38.000Z,3,crossorigin.me,Show HN: CORSProxy replacement
969,2015-02-22T03:21:22.000Z,1,en.wikipedia.org,Hew Raymond Griffiths
970,2015-02-22T03:23:05.000Z,2,linuxveda.com,Ubuntu 15.05 will bring back good old windows menus
971,2015-02-22T03:30:02.000Z,1,,Ask HN: What's the biggest problem your startup face today?
972,2015-02-22T03:30:10.000Z,1,blog.yanivkessler.com,Help pushing ?ÛÏAdd tags to GitHub stars?Û? feature
973,2015-02-22T03:30:54.000Z,2,roadsandkingdoms.com,Australia's Temple of Weird
974,2015-02-22T03:31:08.000Z,1,joshrendek.com,Communicating between React components using events
975,2015-02-22T03:37:48.000Z,2,david-barreto.com,Directive Inheritance in AngularJS
976,2015-02-22T03:59:18.000Z,1,nytimes.com,In the End It All Adds Up to ?ÛÒ 1/12
977,2015-02-22T04:00:08.000Z,2,github.com,Bitjet: Binary visualization using IPython widgets
978,2015-02-22T04:03:21.000Z,4,,Ask HN: Coming to the USA for a study exchange where are the tech hubs?
979,2015-02-22T04:04:32.000Z,1,autonews.com,Postal Service's next-gen van carries a $6B prize
980,2015-02-22T04:07:40.000Z,8,wilfred.me.uk,My First LLVM Compiler
981,2015-02-22T04:21:00.000Z,1,economist.com,Paradox: spend more money does not lead to better quality
982,2015-02-22T04:28:55.000Z,2,arstechnica.com,Your DNA is everywhere. Can the police analyze it?
983,2015-02-22T04:34:42.000Z,8,,Ask HN: Part-time/remote data science?
984,2015-02-22T04:44:26.000Z,1,economist.com,Upsetting the Apple car |
985,2015-02-22T04:51:26.000Z,3,youtube.com,Chinese Farmer Builds His Own Bionic Arms  YouTube
986,2015-02-22T04:52:23.000Z,1,bjfogg.com,A behavior model for persuasive design [pdf]
987,2015-02-22T04:55:03.000Z,1,rcoh.github.io,Show HN: Monitor Your Terminal from Your Phone
988,2015-02-22T04:59:59.000Z,1,backed.io,Portable USB Drive Bitcoin Wallets (M$ Windoze)
989,2015-02-22T05:01:16.000Z,6,medium.com,When Exponential Progress Becomes Our Reality
990,2015-02-22T05:02:13.000Z,2,,Ask HN: Moving from Vietnam to US is there any tech company I can work?
991,2015-02-22T05:03:39.000Z,2,sourceforge.net,ECL 15.2.21 released new maintainer found
992,2015-02-22T05:13:29.000Z,1,totango.com,Customer Retention Cost and CRC Ratio
993,2015-02-22T05:19:45.000Z,6,arxiv.org,Towards AI-Complete Question Answering Using Deep Learning
994,2015-02-22T05:30:09.000Z,1,techcrunch.com,The untapped $140 trillion innovation for jobs market
995,2015-02-22T05:34:17.000Z,2,youtube.com,How not to talk about design
996,2015-02-22T05:39:13.000Z,1,shootout.fm,Shootout.fm ?ÛÒ compare audio effects and microphones
997,2015-02-22T05:45:32.000Z,3,kuro5hin.org,Kuro5hin's Ongoing Discussion of Universal Basic Income
998,2015-02-22T05:57:41.000Z,1,youtube.com,?ÛÏMath does not bow to guns.?Û? -Bryan Micon on events of 2/11/15
999,2015-02-22T06:00:01.000Z,1,m.theatlantic.com,The Unbearable Lightness of Tweeting
